"Step","env: CHICKENBANANA - ep_info/Objective","env: CHICKENBANANA - ep_info/Objective__MIN","env: CHICKENBANANA - ep_info/Objective__MAX"
"1","40","0","100"
"2","20","0","100"
"3","20","0","100"
"4","30","0","100"
"5","50","0","100"
"6","50","0","100"
"7","60","0","100"
"8","60","0","100"
"9","30","0","100"
"10","40","0","100"
"11","60","0","100"
"12","50","0","100"
"13","60","0","100"
"14","50","0","100"
"15","60","0","100"
"16","70","0","100"
"17","50","0","100"
"18","60","0","100"
"19","80","0","100"
"20","80","0","100"
"21","80","0","100"
"22","60","0","100"
"23","90","0","100"
"24","80","0","100"
"25","70","0","100"
"26","60","0","100"
"27","60","0","100"
"28","90","0","100"
"29","70","0","100"
"30","80","0","100"
"31","70","0","100"
"32","70","0","100"
"33","60","0","100"
"34","70","0","100"
"35","80","0","100"
"36","80","0","100"
"37","70","0","100"
"38","80","0","100"
"39","80","0","100"
"40","80","0","100"
"41","50","0","100"
"42","90","0","100"
"43","70","0","100"
"44","50","0","100"
"45","80","0","100"
"46","80","0","100"
"47","90","0","100"
"48","80","0","100"
"49","90","0","100"
"50","80","0","100"
"51","100","100","100"
"52","90","0","100"
"53","100","100","100"
"54","100","100","100"
"55","80","0","100"
"56","70","0","100"
"57","90","0","100"
"58","70","0","100"
"59","90","0","100"
"60","100","100","100"
"61","90","0","100"
"62","100","100","100"
"63","100","100","100"
"64","100","100","100"
"65","90","0","100"
"66","100","100","100"
"67","80","0","100"
"68","80","0","100"
"69","90","0","100"
"70","90","0","100"
"71","80","0","100"
"72","80","0","100"
"73","90","0","100"
"74","80","0","100"
"75","100","100","100"
"76","100","100","100"
"77","100","100","100"
"78","80","0","100"
"79","90","0","100"
"80","100","100","100"
"81","100","100","100"
"82","90","0","100"
"83","100","100","100"
"84","90","0","100"
"85","100","100","100"
"86","90","0","100"
"87","100","100","100"
"88","100","100","100"
"89","90","0","100"
"90","80","0","100"
"91","90","0","100"
"92","100","100","100"
"93","100","100","100"
"94","90","0","100"
"95","90","0","100"
"96","70","0","100"
"97","100","100","100"
"98","100","100","100"
"99","80","0","100"
"100","90","0","100"
"101","80","0","100"
"102","90","0","100"
"103","100","100","100"
"104","90","0","100"
"105","100","100","100"
"106","90","0","100"
"107","90","0","100"
"108","100","100","100"
"109","90","0","100"
"110","90","0","100"
"111","100","100","100"
"112","100","100","100"
"113","100","100","100"
"114","90","0","100"
"115","100","100","100"
"116","100","100","100"
"117","90","0","100"
"118","80","0","100"
"119","100","100","100"
"120","90","0","100"
"121","100","100","100"
"122","70","0","100"
"123","90","0","100"
"124","100","100","100"
"125","100","100","100"
"126","90","0","100"
"127","100","100","100"
"128","80","0","100"
"129","100","100","100"
"130","100","100","100"
"131","80","0","100"
"132","90","0","100"
"133","100","100","100"
"134","100","100","100"
"135","100","100","100"
"136","100","100","100"
"137","100","100","100"
"138","80","0","100"
"139","90","0","100"
"140","100","100","100"
"141","90","0","100"
"142","100","100","100"
"143","100","100","100"
"144","100","100","100"
"145","90","0","100"
"146","90","0","100"
"147","80","0","100"
"148","90","0","100"
"149","60","0","100"
"150","100","100","100"
"151","80","0","100"
"152","90","0","100"
"153","100","100","100"
"154","90","0","100"
"155","100","100","100"
"156","80","0","100"
"157","90","0","100"
"158","90","0","100"
"159","90","0","100"
"160","60","0","100"
"161","80","0","100"
"162","90","0","100"
"163","90","0","100"
"164","90","0","100"
"165","100","100","100"
"166","80","0","100"
"167","90","0","100"
"168","90","0","100"
"169","90","0","100"
"170","100","100","100"
"171","80","0","100"
"172","80","0","100"
"173","100","100","100"
"174","90","0","100"
"175","90","0","100"
"176","90","0","100"
"177","90","0","100"
"178","80","0","100"
"179","80","0","100"
"180","90","0","100"
"181","80","0","100"
"182","80","0","100"
"183","90","0","100"
"184","80","0","100"
"185","90","0","100"
"186","80","0","100"
"187","100","100","100"
"188","100","100","100"
"189","90","0","100"
"190","70","0","100"
"191","80","0","100"
"192","80","0","100"
"193","90","0","100"
"194","90","0","100"
"195","80","0","100"
"196","70","0","100"
"197","90","0","100"
"198","80","0","100"
"199","80","0","100"
"200","80","0","100"
"201","100","100","100"
"202","90","0","100"
"203","100","100","100"
"204","80","0","100"
"205","90","0","100"
"206","80","0","100"
"207","100","100","100"
"208","90","0","100"
"209","80","0","100"
"210","80","0","100"
"211","90","0","100"
"212","80","0","100"
"213","90","0","100"
"214","90","0","100"
"215","100","100","100"
"216","90","0","100"
"217","100","100","100"
"218","90","0","100"
"219","90","0","100"
"220","90","0","100"
"221","90","0","100"
"222","70","0","100"
"223","70","0","100"
"224","100","100","100"
"225","90","0","100"
"226","90","0","100"
"227","90","0","100"
"228","80","0","100"
"229","80","0","100"
"230","90","0","100"
"231","80","0","100"
"232","80","0","100"
"233","90","0","100"
"234","80","0","100"
"235","80","0","100"
"236","90","0","100"
"237","90","0","100"
"238","100","100","100"
"239","70","0","100"
"240","90","0","100"
"241","90","0","100"
"242","80","0","100"
"243","80","0","100"
"244","90","0","100"
"245","80","0","100"
"246","80","0","100"
"247","100","100","100"
"248","90","0","100"
"249","70","0","100"
"250","80","0","100"
"251","90","0","100"
"252","90","0","100"
"253","90","0","100"
"254","80","0","100"
"255","100","100","100"
"256","90","0","100"
"257","90","0","100"
"258","100","100","100"
"259","100","100","100"
"260","80","0","100"
"261","90","0","100"
"262","100","100","100"
"263","80","0","100"
"264","80","0","100"
"265","90","0","100"
"266","90","0","100"
"267","90","0","100"
"268","80","0","100"
"269","90","0","100"
"270","80","0","100"
"271","70","0","100"
"272","80","0","100"
"273","90","0","100"
"274","70","0","100"
"275","90","0","100"
"276","80","0","100"
"277","80","0","100"
"278","100","100","100"
"279","90","0","100"
"280","90","0","100"
"281","80","0","100"
"282","90","0","100"
"283","80","0","100"
"284","80","0","100"
"285","70","0","100"
"286","80","0","100"
"287","90","0","100"
"288","80","0","100"
"289","80","0","100"
"290","80","0","100"
"291","80","0","100"
"292","90","0","100"
"293","100","100","100"
"294","80","0","100"
"295","100","100","100"
"296","90","0","100"
"297","90","0","100"
"298","80","0","100"
"299","90","0","100"
"300","100","100","100"
"301","80","0","100"
"302","80","0","100"
"303","90","0","100"
"304","70","0","100"
"305","90","0","100"
"306","100","100","100"
"307","80","0","100"
"308","90","0","100"
"309","90","0","100"
"310","80","0","100"
"311","90","0","100"
"312","80","0","100"
"313","80","0","100"
"314","90","0","100"
"315","80","0","100"
"316","80","0","100"
"317","60","0","100"
"318","90","0","100"
"319","90","0","100"
"320","80","0","100"
"321","90","0","100"
"322","80","0","100"
"323","90","0","100"
"324","80","0","100"
"325","90","0","100"
"326","70","0","100"
"327","90","0","100"
"328","100","100","100"
"329","70","0","100"
"330","80","0","100"
"331","80","0","100"
"332","90","0","100"
"333","90","0","100"
"334","80","0","100"
"335","70","0","100"
"336","70","0","100"
"337","80","0","100"
"338","90","0","100"
"339","70","0","100"
"340","90","0","100"
"341","70","0","100"
"342","80","0","100"
"343","70","0","100"
"344","70","0","100"
"345","70","0","100"
"346","90","0","100"
"347","80","0","100"
"348","80","0","100"
"349","80","0","100"
"350","90","0","100"
"351","70","0","100"
"352","80","0","100"
"353","80","0","100"
"354","80","0","100"
"355","80","0","100"
"356","90","0","100"
"357","70","0","100"
"358","80","0","100"
"359","70","0","100"
"360","90","0","100"
"361","80","0","100"
"362","80","0","100"
"363","70","0","100"
"364","90","0","100"
"365","80","0","100"
"366","90","0","100"
"367","60","0","100"
"368","70","0","100"
"369","90","0","100"
"370","90","0","100"
"371","80","0","100"
"372","70","0","100"
"373","90","0","100"
"374","90","0","100"
"375","80","0","100"
"376","80","0","100"
"377","90","0","100"
"378","80","0","100"
"379","70","0","100"
"380","90","0","100"
"381","80","0","100"
"382","80","0","100"
"383","90","0","100"
"384","80","0","100"
"385","90","0","100"
"386","90","0","100"
"387","90","0","100"
"388","90","0","100"
"389","90","0","100"
"390","90","0","100"
"391","80","0","100"
"392","90","0","100"
"393","90","0","100"
"394","80","0","100"
"395","90","0","100"
"396","100","100","100"
"397","90","0","100"
"398","90","0","100"
"399","90","0","100"
"400","90","0","100"
"401","90","0","100"
"402","80","0","100"
"403","90","0","100"
"404","90","0","100"
"405","90","0","100"
"406","90","0","100"
"407","90","0","100"
"408","90","0","100"
"409","60","0","100"
"410","90","0","100"
"411","70","0","100"
"412","90","0","100"
"413","80","0","100"
"414","80","0","100"
"415","80","0","100"
"416","90","0","100"
"417","80","0","100"
"418","80","0","100"
"419","80","0","100"
"420","90","0","100"
"421","90","0","100"
"422","80","0","100"
"423","80","0","100"
"424","80","0","100"
"425","90","0","100"
"426","90","0","100"
"427","60","0","100"
"428","80","0","100"
"429","80","0","100"
"430","80","0","100"
"431","80","0","100"
"432","90","0","100"
"433","80","0","100"
"434","80","0","100"
"435","80","0","100"
"436","80","0","100"
"437","80","0","100"
"438","70","0","100"
"439","80","0","100"
"440","70","0","100"
"441","80","0","100"
"442","80","0","100"
"443","70","0","100"
"444","70","0","100"
"445","90","0","100"
"446","90","0","100"
"447","70","0","100"
"448","90","0","100"
"449","80","0","100"
"450","100","100","100"
"451","90","0","100"
"452","90","0","100"
"453","90","0","100"
"454","100","100","100"
"455","100","100","100"
"456","90","0","100"
"457","90","0","100"
"458","90","0","100"
"459","90","0","100"
"460","80","0","100"
"461","70","0","100"
"462","80","0","100"
"463","90","0","100"
"464","70","0","100"
"465","90","0","100"
"466","80","0","100"
"467","60","0","100"
"468","70","0","100"
"469","80","0","100"
"470","80","0","100"
"471","80","0","100"
"472","90","0","100"
"473","80","0","100"
"474","80","0","100"
"475","80","0","100"
"476","80","0","100"
"477","80","0","100"
"478","70","0","100"
"479","80","0","100"
"480","80","0","100"
"481","80","0","100"
"482","90","0","100"
"483","90","0","100"
"484","80","0","100"
"485","80","0","100"
"486","80","0","100"
"487","90","0","100"
"488","70","0","100"
"489","80","0","100"
"490","90","0","100"
"491","90","0","100"
"492","80","0","100"
"493","80","0","100"
"494","90","0","100"
"495","70","0","100"
"496","90","0","100"
"497","90","0","100"
"498","90","0","100"
"499","90","0","100"
"500","90","0","100"
"501","90","0","100"
"502","100","100","100"
"503","80","0","100"
"504","90","0","100"
"505","80","0","100"
"506","100","100","100"
"507","90","0","100"
"508","90","0","100"
"509","90","0","100"
"510","90","0","100"
"511","90","0","100"
"512","90","0","100"
"513","90","0","100"
"514","90","0","100"
"515","90","0","100"
"516","90","0","100"
"517","90","0","100"
"518","90","0","100"
"519","100","100","100"
"520","90","0","100"
"521","90","0","100"
"522","80","0","100"
"523","90","0","100"
"524","90","0","100"
"525","80","0","100"
"526","90","0","100"
"527","90","0","100"
"528","70","0","100"
"529","90","0","100"
"530","80","0","100"
"531","90","0","100"
"532","90","0","100"
"533","90","0","100"
"534","90","0","100"
"535","80","0","100"
"536","70","0","100"
"537","80","0","100"
"538","80","0","100"
"539","80","0","100"
"540","80","0","100"
"541","80","0","100"
"542","70","0","100"
"543","80","0","100"
"544","80","0","100"
"545","70","0","100"
"546","80","0","100"
"547","90","0","100"
"548","80","0","100"
"549","80","0","100"
"550","70","0","100"
"551","90","0","100"
"552","80","0","100"
"553","80","0","100"
"554","80","0","100"
"555","80","0","100"
"556","90","0","100"
"557","70","0","100"
"558","70","0","100"
"559","80","0","100"
"560","80","0","100"
"561","80","0","100"
"562","80","0","100"
"563","70","0","100"
"564","70","0","100"
"565","90","0","100"
"566","70","0","100"
"567","70","0","100"
"568","70","0","100"
"569","70","0","100"
"570","70","0","100"
"571","80","0","100"
"572","70","0","100"
"573","70","0","100"
"574","90","0","100"
"575","70","0","100"
"576","90","0","100"
"577","70","0","100"
"578","90","0","100"
"579","60","0","100"
"580","70","0","100"
"581","100","100","100"
"582","70","0","100"
"583","80","0","100"
"584","80","0","100"
"585","80","0","100"
"586","70","0","100"
"587","80","0","100"
"588","70","0","100"
"589","90","0","100"
"590","70","0","100"
"591","80","0","100"
"592","80","0","100"
"593","80","0","100"
"594","70","0","100"
"595","70","0","100"
"596","80","0","100"
"597","70","0","100"
"598","80","0","100"
"599","70","0","100"
"600","70","0","100"
"601","70","0","100"
"602","80","0","100"
"603","80","0","100"
"604","70","0","100"
"605","80","0","100"
"606","70","0","100"
"607","80","0","100"
"608","80","0","100"
"609","80","0","100"
"610","80","0","100"
"611","70","0","100"
"612","90","0","100"
"613","70","0","100"
"614","80","0","100"
"615","90","0","100"
"616","80","0","100"
"617","80","0","100"
"618","80","0","100"
"619","70","0","100"
"620","80","0","100"
"621","80","0","100"
"622","80","0","100"
"623","70","0","100"
"624","80","0","100"
"625","90","0","100"
"626","80","0","100"
"627","80","0","100"
"628","90","0","100"
"629","80","0","100"
"630","90","0","100"
"631","80","0","100"
"632","80","0","100"
"633","80","0","100"
"634","90","0","100"
"635","80","0","100"
"636","90","0","100"
"637","80","0","100"
"638","90","0","100"
"639","90","0","100"
"640","70","0","100"
"641","80","0","100"
"642","90","0","100"
"643","70","0","100"
"644","80","0","100"
"645","80","0","100"
"646","80","0","100"
"647","70","0","100"
"648","70","0","100"
"649","80","0","100"
"650","80","0","100"
"651","70","0","100"
"652","80","0","100"
"653","80","0","100"
"654","80","0","100"
"655","80","0","100"
"656","90","0","100"
"657","90","0","100"
"658","100","100","100"
"659","80","0","100"
"660","80","0","100"
"661","90","0","100"
"662","80","0","100"
"663","80","0","100"
"664","100","100","100"
"665","80","0","100"
"666","70","0","100"
"667","80","0","100"
"668","90","0","100"
"669","80","0","100"
"670","70","0","100"
"671","70","0","100"
"672","80","0","100"
"673","70","0","100"
"674","80","0","100"
"675","70","0","100"
"676","70","0","100"
"677","80","0","100"
"678","60","0","100"
"679","90","0","100"
"680","80","0","100"
"681","80","0","100"
"682","90","0","100"
"683","90","0","100"
"684","90","0","100"
"685","90","0","100"
"686","100","100","100"
"687","100","100","100"
"688","70","0","100"
"689","100","100","100"
"690","70","0","100"
"691","80","0","100"
"692","80","0","100"
"693","80","0","100"
"694","70","0","100"
"695","80","0","100"
"696","80","0","100"
"697","80","0","100"
"698","100","100","100"
"699","80","0","100"
"700","90","0","100"
"701","70","0","100"
"702","90","0","100"
"703","80","0","100"
"704","100","100","100"
"705","90","0","100"
"706","80","0","100"
"707","80","0","100"
"708","90","0","100"
"709","80","0","100"
"710","90","0","100"
"711","100","100","100"
"712","90","0","100"
"713","90","0","100"
"714","90","0","100"
"715","80","0","100"
"716","90","0","100"
"717","80","0","100"
"718","90","0","100"
"719","90","0","100"
"720","80","0","100"
"721","80","0","100"
"722","90","0","100"
"723","80","0","100"
"724","100","100","100"
"725","80","0","100"
"726","90","0","100"
"727","90","0","100"
"728","80","0","100"
"729","80","0","100"
"730","90","0","100"
"731","90","0","100"
"732","90","0","100"
"733","80","0","100"
"734","80","0","100"
"735","80","0","100"
"736","80","0","100"
"737","80","0","100"
"738","90","0","100"
"739","80","0","100"
"740","80","0","100"
"741","80","0","100"
"742","90","0","100"
"743","90","0","100"
"744","90","0","100"
"745","90","0","100"
"746","80","0","100"
"747","90","0","100"
"748","80","0","100"
"749","80","0","100"
"750","80","0","100"
"751","80","0","100"
"752","80","0","100"
"753","80","0","100"
"754","80","0","100"
"755","90","0","100"
"756","80","0","100"
"757","90","0","100"
"758","80","0","100"
"759","70","0","100"
"760","80","0","100"
"761","80","0","100"
"762","90","0","100"
"763","80","0","100"
"764","80","0","100"
"765","70","0","100"
"766","80","0","100"
"767","70","0","100"
"768","80","0","100"
"769","90","0","100"
"770","80","0","100"
"771","80","0","100"
"772","80","0","100"
"773","90","0","100"
"774","80","0","100"
"775","90","0","100"
"776","80","0","100"
"777","80","0","100"
"778","60","0","100"
"779","70","0","100"
"780","70","0","100"
"781","80","0","100"
"782","80","0","100"
"783","80","0","100"
"784","90","0","100"
"785","90","0","100"
"786","90","0","100"
"787","80","0","100"
"788","100","100","100"
"789","90","0","100"
"790","70","0","100"
"791","80","0","100"
"792","80","0","100"
"793","80","0","100"
"794","80","0","100"
"795","80","0","100"
"796","80","0","100"
"797","90","0","100"
"798","80","0","100"
"799","90","0","100"
"800","80","0","100"
"801","70","0","100"
"802","80","0","100"
"803","90","0","100"
"804","90","0","100"
"805","80","0","100"
"806","80","0","100"
"807","80","0","100"
"808","80","0","100"
"809","90","0","100"
"810","80","0","100"
"811","70","0","100"
"812","70","0","100"
"813","70","0","100"
"814","100","100","100"
"815","90","0","100"
"816","90","0","100"
"817","90","0","100"
"818","70","0","100"
"819","70","0","100"
"820","70","0","100"
"821","80","0","100"
"822","60","0","100"
"823","70","0","100"
"824","70","0","100"
"825","80","0","100"
"826","80","0","100"
"827","90","0","100"
"828","70","0","100"
"829","70","0","100"
"830","70","0","100"
"831","90","0","100"
"832","80","0","100"
"833","70","0","100"
"834","80","0","100"
"835","70","0","100"
"836","80","0","100"
"837","90","0","100"
"838","70","0","100"
"839","70","0","100"
"840","80","0","100"
"841","90","0","100"
"842","90","0","100"
"843","60","0","100"
"844","80","0","100"
"845","80","0","100"
"846","70","0","100"
"847","80","0","100"
"848","80","0","100"
"849","90","0","100"
"850","80","0","100"
"851","80","0","100"
"852","70","0","100"
"853","70","0","100"
"854","90","0","100"
"855","70","0","100"
"856","60","0","100"
"857","70","0","100"
"858","60","0","100"
"859","60","0","100"
"860","80","0","100"
"861","60","0","100"
"862","70","0","100"
"863","60","0","100"
"864","80","0","100"
"865","80","0","100"
"866","70","0","100"
"867","90","0","100"
"868","70","0","100"
"869","80","0","100"
"870","100","100","100"
"871","60","0","100"
"872","80","0","100"
"873","80","0","100"
"874","70","0","100"
"875","80","0","100"
"876","80","0","100"
"877","80","0","100"
"878","80","0","100"
"879","70","0","100"
"880","80","0","100"
"881","90","0","100"
"882","80","0","100"
"883","100","100","100"
"884","80","0","100"
"885","80","0","100"
"886","80","0","100"
"887","80","0","100"
"888","90","0","100"
"889","80","0","100"
"890","80","0","100"
"891","90","0","100"
"892","80","0","100"
"893","80","0","100"
"894","80","0","100"
"895","80","0","100"
"896","80","0","100"
"897","90","0","100"
"898","70","0","100"
"899","80","0","100"
"900","80","0","100"
"901","80","0","100"
"902","80","0","100"
"903","90","0","100"
"904","90","0","100"
"905","80","0","100"
"906","80","0","100"
"907","90","0","100"
"908","90","0","100"
"909","80","0","100"
"910","90","0","100"
"911","90","0","100"
"912","80","0","100"
"913","80","0","100"
"914","80","0","100"
"915","90","0","100"
"916","80","0","100"
"917","70","0","100"
"918","80","0","100"
"919","90","0","100"
"920","70","0","100"
"921","70","0","100"
"922","80","0","100"
"923","80","0","100"
"924","80","0","100"
"925","80","0","100"
"926","100","100","100"
"927","80","0","100"
"928","80","0","100"
"929","80","0","100"
"930","80","0","100"
"931","80","0","100"
"932","90","0","100"
"933","100","100","100"
"934","90","0","100"
"935","80","0","100"
"936","100","100","100"
"937","90","0","100"
"938","80","0","100"
"939","80","0","100"
"940","80","0","100"
"941","80","0","100"
"942","90","0","100"
"943","100","100","100"
"944","80","0","100"
"945","90","0","100"
"946","100","100","100"
"947","80","0","100"
"948","90","0","100"
"949","90","0","100"
"950","80","0","100"
"951","90","0","100"
"952","100","100","100"
"953","100","100","100"
"954","100","100","100"
"955","100","100","100"
"956","90","0","100"
"957","100","100","100"
"958","90","0","100"
"959","100","100","100"
"960","80","0","100"
"961","90","0","100"
"962","90","0","100"
"963","90","0","100"
"964","90","0","100"
"965","80","0","100"
"966","100","100","100"
"967","90","0","100"
"968","90","0","100"
"969","90","0","100"
"970","80","0","100"
"971","90","0","100"
"972","100","100","100"
"973","70","0","100"
"974","90","0","100"
"975","90","0","100"
"976","80","0","100"
"977","80","0","100"
"978","90","0","100"
"979","80","0","100"
"980","70","0","100"
"981","80","0","100"
"982","70","0","100"
"983","70","0","100"
"984","70","0","100"
"985","80","0","100"
"986","80","0","100"
"987","70","0","100"
"988","80","0","100"
"989","80","0","100"
"990","70","0","100"
"991","70","0","100"
"992","80","0","100"
"993","70","0","100"
"994","70","0","100"
"995","80","0","100"
"996","80","0","100"
"997","80","0","100"
"998","80","0","100"
"999","80","0","100"
"1000","80","0","100"
"1001","80","0","100"
"1002","80","0","100"
"1003","80","0","100"
"1004","80","0","100"
"1005","80","0","100"
"1006","80","0","100"
"1007","80","0","100"
"1008","90","0","100"
"1009","80","0","100"
"1010","80","0","100"
"1011","80","0","100"
"1012","80","0","100"
"1013","80","0","100"
"1014","80","0","100"
"1015","90","0","100"
"1016","90","0","100"
"1017","90","0","100"
"1018","90","0","100"
"1019","90","0","100"
"1020","90","0","100"
"1021","90","0","100"
"1022","80","0","100"
"1023","90","0","100"
"1024","90","0","100"
"1025","90","0","100"
"1026","90","0","100"
"1027","90","0","100"
"1028","90","0","100"
"1029","90","0","100"
"1030","90","0","100"
"1031","80","0","100"
"1032","90","0","100"
"1033","90","0","100"
"1034","90","0","100"
"1035","90","0","100"
"1036","90","0","100"
"1037","90","0","100"
"1038","90","0","100"
"1039","90","0","100"
"1040","90","0","100"
"1041","90","0","100"
"1042","90","0","100"
"1043","90","0","100"
"1044","90","0","100"
"1045","90","0","100"
"1046","90","0","100"
"1047","90","0","100"
"1048","90","0","100"
"1049","90","0","100"
"1050","90","0","100"
"1051","90","0","100"
"1052","90","0","100"
"1053","90","0","100"
"1054","90","0","100"
"1055","90","0","100"
"1056","90","0","100"
"1057","90","0","100"
"1058","90","0","100"
"1059","90","0","100"
"1060","90","0","100"
"1061","90","0","100"
"1062","90","0","100"
"1063","90","0","100"
"1064","90","0","100"
"1065","90","0","100"
"1066","90","0","100"
"1067","90","0","100"
"1068","90","0","100"
"1069","90","0","100"
"1070","90","0","100"
"1071","90","0","100"
"1072","90","0","100"
"1073","80","0","100"
"1074","80","0","100"
"1075","80","0","100"
"1076","80","0","100"
"1077","80","0","100"
"1078","80","0","100"
"1079","80","0","100"
"1080","80","0","100"
"1081","80","0","100"
"1082","80","0","100"
"1083","80","0","100"
"1084","80","0","100"
"1085","80","0","100"
"1086","80","0","100"
"1087","80","0","100"
"1088","80","0","100"
"1089","80","0","100"
"1090","80","0","100"
"1091","80","0","100"
"1092","80","0","100"
"1093","80","0","100"
"1094","80","0","100"
"1095","80","0","100"
"1096","80","0","100"
"1097","80","0","100"
"1098","80","0","100"
"1099","80","0","100"
"1100","80","0","100"
"1101","80","0","100"
"1102","80","0","100"
"1103","80","0","100"
"1104","80","0","100"
"1105","80","0","100"
"1106","80","0","100"
"1107","80","0","100"
"1108","90","0","100"
"1109","80","0","100"
"1110","80","0","100"
"1111","80","0","100"
"1112","90","0","100"
"1113","80","0","100"
"1114","80","0","100"
"1115","90","0","100"
"1116","80","0","100"
"1117","80","0","100"
"1118","80","0","100"
"1119","80","0","100"
"1120","80","0","100"
"1121","80","0","100"
"1122","80","0","100"
"1123","80","0","100"
"1124","80","0","100"
"1125","80","0","100"
"1126","80","0","100"
"1127","80","0","100"
"1128","90","0","100"
"1129","90","0","100"
"1130","80","0","100"
"1131","90","0","100"
"1132","80","0","100"
"1133","90","0","100"
"1134","80","0","100"
"1135","80","0","100"
"1136","90","0","100"
"1137","90","0","100"
"1138","80","0","100"
"1139","90","0","100"
"1140","80","0","100"
"1141","90","0","100"
"1142","80","0","100"
"1143","80","0","100"
"1144","80","0","100"
"1145","90","0","100"
"1146","80","0","100"
"1147","90","0","100"
"1148","80","0","100"
"1149","90","0","100"
"1150","90","0","100"
"1151","80","0","100"
"1152","90","0","100"
"1153","90","0","100"
"1154","70","0","100"
"1155","90","0","100"
"1156","80","0","100"
"1157","80","0","100"
"1158","80","0","100"
"1159","80","0","100"
"1160","80","0","100"
"1161","80","0","100"
"1162","90","0","100"
"1163","90","0","100"
"1164","90","0","100"
"1165","80","0","100"
"1166","80","0","100"
"1167","90","0","100"
"1168","80","0","100"
"1169","80","0","100"
"1170","80","0","100"
"1171","90","0","100"
"1172","80","0","100"
"1173","90","0","100"
"1174","80","0","100"
"1175","80","0","100"
"1176","80","0","100"
"1177","80","0","100"
"1178","80","0","100"
"1179","80","0","100"
"1180","80","0","100"
"1181","80","0","100"
"1182","80","0","100"
"1183","80","0","100"
"1184","90","0","100"
"1185","80","0","100"
"1186","90","0","100"
"1187","90","0","100"
"1188","80","0","100"
"1189","80","0","100"
"1190","80","0","100"
"1191","90","0","100"
"1192","80","0","100"
"1193","80","0","100"
"1194","90","0","100"
"1195","80","0","100"
"1196","100","100","100"
"1197","80","0","100"
"1198","90","0","100"
"1199","90","0","100"
"1200","90","0","100"
"1201","90","0","100"
"1202","100","100","100"
"1203","80","0","100"
"1204","80","0","100"
"1205","90","0","100"
"1206","80","0","100"
"1207","80","0","100"
"1208","100","100","100"
"1209","80","0","100"
"1210","80","0","100"
"1211","80","0","100"
"1212","90","0","100"
"1213","90","0","100"
"1214","80","0","100"
"1215","90","0","100"
"1216","80","0","100"
"1217","90","0","100"
"1218","80","0","100"
"1219","80","0","100"
"1220","90","0","100"
"1221","90","0","100"
"1222","90","0","100"
"1223","80","0","100"
"1224","90","0","100"
"1225","90","0","100"
"1226","90","0","100"
"1227","90","0","100"
"1228","90","0","100"
"1229","90","0","100"
"1230","100","100","100"
"1231","90","0","100"
"1232","90","0","100"
"1233","90","0","100"
"1234","90","0","100"
"1235","90","0","100"
"1236","90","0","100"
"1237","90","0","100"
"1238","90","0","100"
"1239","90","0","100"
"1240","90","0","100"
"1241","90","0","100"
"1242","90","0","100"
"1243","90","0","100"
"1244","90","0","100"
"1245","90","0","100"
"1246","90","0","100"
"1247","90","0","100"
"1248","90","0","100"
"1249","90","0","100"
"1250","90","0","100"
"1251","90","0","100"
"1252","90","0","100"
"1253","90","0","100"
"1254","90","0","100"
"1255","90","0","100"
"1256","90","0","100"
"1257","90","0","100"
"1258","90","0","100"
"1259","90","0","100"
"1260","90","0","100"
"1261","90","0","100"
"1262","90","0","100"
"1263","90","0","100"
"1264","90","0","100"
"1265","90","0","100"
"1266","90","0","100"
"1267","90","0","100"
"1268","90","0","100"
"1269","90","0","100"
"1270","90","0","100"
"1271","90","0","100"
"1272","90","0","100"
"1273","90","0","100"
"1274","90","0","100"
"1275","90","0","100"
"1276","90","0","100"
"1277","90","0","100"
"1278","90","0","100"
"1279","90","0","100"
"1280","90","0","100"
"1281","90","0","100"
"1282","90","0","100"
"1283","90","0","100"
"1284","90","0","100"
"1285","90","0","100"
"1286","90","0","100"
"1287","90","0","100"
"1288","90","0","100"
"1289","90","0","100"
"1290","90","0","100"
"1291","90","0","100"
"1292","90","0","100"
"1293","90","0","100"
"1294","90","0","100"
"1295","90","0","100"
"1296","90","0","100"
"1297","90","0","100"
"1298","90","0","100"
"1299","90","0","100"
"1300","90","0","100"
"1301","90","0","100"
"1302","100","100","100"
"1303","90","0","100"
"1304","100","100","100"
"1305","90","0","100"
"1306","90","0","100"
"1307","90","0","100"
"1308","90","0","100"
"1309","100","100","100"
"1310","90","0","100"
"1311","90","0","100"
"1312","100","100","100"
"1313","90","0","100"
"1314","90","0","100"
"1315","90","0","100"
"1316","90","0","100"
"1317","100","100","100"
"1318","90","0","100"
"1319","90","0","100"
"1320","100","100","100"
"1321","90","0","100"
"1322","90","0","100"
"1323","90","0","100"
"1324","90","0","100"
"1325","90","0","100"
"1326","90","0","100"
"1327","90","0","100"
"1328","90","0","100"
"1329","100","100","100"
"1330","90","0","100"
"1331","90","0","100"
"1332","90","0","100"
"1333","90","0","100"
"1334","90","0","100"
"1335","90","0","100"
"1336","90","0","100"
"1337","90","0","100"
"1338","90","0","100"
"1339","90","0","100"
"1340","90","0","100"
"1341","90","0","100"
"1342","90","0","100"
"1343","90","0","100"
"1344","90","0","100"
"1345","90","0","100"
"1346","90","0","100"
"1347","90","0","100"
"1348","90","0","100"
"1349","90","0","100"
"1350","90","0","100"
"1351","90","0","100"
"1352","90","0","100"
"1353","90","0","100"
"1354","90","0","100"
"1355","90","0","100"
"1356","90","0","100"
"1357","90","0","100"
"1358","90","0","100"
"1359","90","0","100"
"1360","90","0","100"
"1361","90","0","100"
"1362","90","0","100"
"1363","90","0","100"
"1364","90","0","100"
"1365","90","0","100"
"1366","90","0","100"
"1367","90","0","100"
"1368","90","0","100"
"1369","90","0","100"
"1370","90","0","100"
"1371","90","0","100"
"1372","90","0","100"
"1373","90","0","100"
"1374","90","0","100"
"1375","90","0","100"
"1376","90","0","100"
"1377","90","0","100"
"1378","90","0","100"
"1379","90","0","100"
"1380","90","0","100"
"1381","90","0","100"
"1382","90","0","100"
"1383","90","0","100"
"1384","90","0","100"
"1385","90","0","100"
"1386","90","0","100"
"1387","90","0","100"
"1388","90","0","100"
"1389","90","0","100"
"1390","90","0","100"
"1391","90","0","100"
"1392","90","0","100"
"1393","90","0","100"
"1394","90","0","100"
"1395","90","0","100"
"1396","90","0","100"
"1397","90","0","100"
"1398","90","0","100"
"1399","90","0","100"
"1400","90","0","100"
"1401","90","0","100"
"1402","90","0","100"
"1403","90","0","100"
"1404","90","0","100"
"1405","90","0","100"
"1406","90","0","100"
"1407","90","0","100"
"1408","90","0","100"
"1409","100","100","100"
"1410","90","0","100"
"1411","90","0","100"
"1412","90","0","100"
"1413","90","0","100"
"1414","90","0","100"
"1415","100","100","100"
"1416","90","0","100"
"1417","90","0","100"
"1418","90","0","100"
"1419","90","0","100"
"1420","90","0","100"
"1421","90","0","100"
"1422","90","0","100"
"1423","100","100","100"
"1424","90","0","100"
"1425","90","0","100"
"1426","100","100","100"
"1427","90","0","100"
"1428","100","100","100"
"1429","90","0","100"
"1430","90","0","100"
"1431","100","100","100"
"1432","100","100","100"
"1433","100","100","100"
"1434","90","0","100"
"1435","90","0","100"
"1436","90","0","100"
"1437","90","0","100"
"1438","90","0","100"
"1439","90","0","100"
"1440","90","0","100"
"1441","90","0","100"
"1442","90","0","100"
"1443","90","0","100"
"1444","90","0","100"
"1445","90","0","100"
"1446","90","0","100"
"1447","90","0","100"
"1448","90","0","100"
"1449","90","0","100"
"1450","90","0","100"
"1451","90","0","100"
"1452","90","0","100"
"1453","90","0","100"
"1454","90","0","100"
"1455","90","0","100"
"1456","90","0","100"
"1457","90","0","100"
"1458","90","0","100"
"1459","90","0","100"
"1460","90","0","100"
"1461","90","0","100"
"1462","90","0","100"
"1463","90","0","100"
"1464","90","0","100"
"1465","90","0","100"
"1466","90","0","100"
"1467","90","0","100"
"1468","90","0","100"
"1469","90","0","100"
"1470","90","0","100"
"1471","90","0","100"
"1472","90","0","100"
"1473","90","0","100"
"1474","90","0","100"
"1475","90","0","100"
"1476","90","0","100"
"1477","90","0","100"
"1478","90","0","100"
"1479","90","0","100"
"1480","90","0","100"
"1481","90","0","100"
"1482","90","0","100"
"1483","90","0","100"
"1484","90","0","100"
"1485","90","0","100"
"1486","90","0","100"
"1487","90","0","100"
"1488","90","0","100"
"1489","90","0","100"
"1490","90","0","100"
"1491","90","0","100"
"1492","90","0","100"
"1493","90","0","100"
"1494","90","0","100"
"1495","90","0","100"
"1496","90","0","100"
"1497","90","0","100"
"1498","90","0","100"
"1499","90","0","100"
"1500","90","0","100"
"1501","90","0","100"
"1502","90","0","100"
"1503","90","0","100"
"1504","90","0","100"
"1505","90","0","100"
"1506","90","0","100"
"1507","90","0","100"
"1508","90","0","100"
"1509","90","0","100"
"1510","90","0","100"
"1511","90","0","100"
"1512","90","0","100"
"1513","90","0","100"
"1514","90","0","100"
"1515","90","0","100"
"1516","90","0","100"
"1517","100","100","100"
"1518","90","0","100"
"1519","100","100","100"
"1520","90","0","100"
"1521","90","0","100"
"1522","90","0","100"
"1523","90","0","100"
"1524","90","0","100"
"1525","90","0","100"
"1526","90","0","100"
"1527","100","100","100"
"1528","90","0","100"
"1529","100","100","100"
"1530","100","100","100"
"1531","90","0","100"
"1532","90","0","100"
"1533","90","0","100"
"1534","100","100","100"
"1535","100","100","100"
"1536","100","100","100"
"1537","100","100","100"
"1538","90","0","100"
"1539","90","0","100"
"1540","90","0","100"
"1541","90","0","100"
"1542","90","0","100"
"1543","90","0","100"
"1544","90","0","100"
"1545","90","0","100"
"1546","90","0","100"
"1547","90","0","100"
"1548","90","0","100"
"1549","90","0","100"
"1550","90","0","100"
"1551","90","0","100"
"1552","90","0","100"
"1553","90","0","100"
"1554","90","0","100"
"1555","90","0","100"
"1556","90","0","100"
"1557","90","0","100"
"1558","90","0","100"
"1559","90","0","100"
"1560","100","100","100"
"1561","90","0","100"
"1562","90","0","100"
"1563","90","0","100"
"1564","90","0","100"
"1565","90","0","100"
"1566","90","0","100"
"1567","90","0","100"
"1568","90","0","100"
"1569","90","0","100"
"1570","90","0","100"
"1571","90","0","100"
"1572","90","0","100"
"1573","90","0","100"
"1574","90","0","100"
"1575","90","0","100"
"1576","90","0","100"
"1577","90","0","100"
"1578","90","0","100"
"1579","90","0","100"
"1580","90","0","100"
"1581","90","0","100"
"1582","90","0","100"
"1583","90","0","100"
"1584","90","0","100"
"1585","90","0","100"
"1586","90","0","100"
"1587","90","0","100"
"1588","90","0","100"
"1589","90","0","100"
"1590","90","0","100"
"1591","90","0","100"
"1592","90","0","100"
"1593","90","0","100"
"1594","90","0","100"
"1595","90","0","100"
"1596","90","0","100"
"1597","90","0","100"
"1598","90","0","100"
"1599","90","0","100"
"1600","90","0","100"
"1601","90","0","100"
"1602","100","100","100"
"1603","90","0","100"
"1604","90","0","100"
"1605","90","0","100"
"1606","90","0","100"
"1607","90","0","100"
"1608","90","0","100"
"1609","90","0","100"
"1610","90","0","100"
"1611","90","0","100"
"1612","90","0","100"
"1613","90","0","100"
"1614","90","0","100"
"1615","90","0","100"
"1616","90","0","100"
"1617","90","0","100"
"1618","90","0","100"
"1619","100","100","100"
"1620","100","100","100"
"1621","90","0","100"
"1622","90","0","100"
"1623","90","0","100"
"1624","90","0","100"
"1625","90","0","100"
"1626","90","0","100"
"1627","90","0","100"
"1628","90","0","100"
"1629","100","100","100"
"1630","90","0","100"
"1631","100","100","100"
"1632","100","100","100"
"1633","90","0","100"
"1634","90","0","100"
"1635","100","100","100"
"1636","100","100","100"
"1637","100","100","100"
"1638","100","100","100"
"1639","100","100","100"
"1640","90","0","100"
"1641","90","0","100"
"1642","90","0","100"
"1643","90","0","100"
"1644","90","0","100"
"1645","90","0","100"
"1646","90","0","100"
"1647","90","0","100"
"1648","90","0","100"
"1649","90","0","100"
"1650","90","0","100"
"1651","90","0","100"
"1652","90","0","100"
"1653","90","0","100"
"1654","90","0","100"
"1655","90","0","100"
"1656","100","100","100"
"1657","90","0","100"
"1658","90","0","100"
"1659","90","0","100"
"1660","90","0","100"
"1661","90","0","100"
"1662","90","0","100"
"1663","100","100","100"
"1664","90","0","100"
"1665","90","0","100"
"1666","90","0","100"
"1667","90","0","100"
"1668","90","0","100"
"1669","90","0","100"
"1670","90","0","100"
"1671","90","0","100"
"1672","90","0","100"
"1673","90","0","100"
"1674","90","0","100"
"1675","90","0","100"
"1676","90","0","100"
"1677","90","0","100"
"1678","100","100","100"
"1679","90","0","100"
"1680","90","0","100"
"1681","100","100","100"
"1682","90","0","100"
"1683","90","0","100"
"1684","90","0","100"
"1685","90","0","100"
"1686","90","0","100"
"1687","90","0","100"
"1688","90","0","100"
"1689","90","0","100"
"1690","90","0","100"
"1691","90","0","100"
"1692","90","0","100"
"1693","90","0","100"
"1694","90","0","100"
"1695","90","0","100"
"1696","100","100","100"
"1697","90","0","100"
"1698","90","0","100"
"1699","90","0","100"
"1700","90","0","100"
"1701","90","0","100"
"1702","100","100","100"
"1703","100","100","100"
"1704","90","0","100"
"1705","90","0","100"
"1706","90","0","100"
"1707","90","0","100"
"1708","100","100","100"
"1709","90","0","100"
"1710","80","0","100"
"1711","90","0","100"
"1712","90","0","100"
"1713","90","0","100"
"1714","90","0","100"
"1715","90","0","100"
"1716","90","0","100"
"1717","100","100","100"
"1718","90","0","100"
"1719","90","0","100"
"1720","90","0","100"
"1721","90","0","100"
"1722","100","100","100"
"1723","100","100","100"
"1724","90","0","100"
"1725","90","0","100"
"1726","90","0","100"
"1727","90","0","100"
"1728","100","100","100"
"1729","90","0","100"
"1730","90","0","100"
"1731","90","0","100"
"1732","100","100","100"
"1733","90","0","100"
"1734","100","100","100"
"1735","90","0","100"
"1736","90","0","100"
"1737","100","100","100"
"1738","90","0","100"
"1739","90","0","100"
"1740","90","0","100"
"1741","90","0","100"
"1742","100","100","100"
"1743","100","100","100"
"1744","90","0","100"
"1745","100","100","100"
"1746","100","100","100"
"1747","100","100","100"
"1748","90","0","100"
"1749","90","0","100"
"1750","90","0","100"
"1751","100","100","100"
"1752","90","0","100"
"1753","90","0","100"
"1754","90","0","100"
"1755","90","0","100"
"1756","100","100","100"
"1757","90","0","100"
"1758","90","0","100"
"1759","100","100","100"
"1760","100","100","100"
"1761","90","0","100"
"1762","90","0","100"
"1763","90","0","100"
"1764","90","0","100"
"1765","90","0","100"
"1766","90","0","100"
"1767","90","0","100"
"1768","90","0","100"
"1769","100","100","100"
"1770","90","0","100"
"1771","90","0","100"
"1772","90","0","100"
"1773","90","0","100"
"1774","90","0","100"
"1775","90","0","100"
"1776","90","0","100"
"1777","90","0","100"
"1778","90","0","100"
"1779","90","0","100"
"1780","90","0","100"
"1781","90","0","100"
"1782","100","100","100"
"1783","100","100","100"
"1784","100","100","100"
"1785","90","0","100"
"1786","100","100","100"
"1787","100","100","100"
"1788","90","0","100"
"1789","100","100","100"
"1790","100","100","100"
"1791","100","100","100"
"1792","100","100","100"
"1793","90","0","100"
"1794","100","100","100"
"1795","100","100","100"
"1796","100","100","100"
"1797","100","100","100"
"1798","100","100","100"
"1799","100","100","100"
"1800","100","100","100"
"1801","100","100","100"
"1802","100","100","100"
"1803","100","100","100"
"1804","100","100","100"
"1805","100","100","100"
"1806","100","100","100"
"1807","100","100","100"
"1808","100","100","100"
"1809","100","100","100"
"1810","100","100","100"
"1811","100","100","100"
"1812","100","100","100"
"1813","100","100","100"
"1814","100","100","100"
"1815","100","100","100"
"1816","100","100","100"
"1817","100","100","100"
"1818","100","100","100"
"1819","100","100","100"
"1820","100","100","100"
"1821","100","100","100"
"1822","100","100","100"
"1823","100","100","100"
"1824","100","100","100"
"1825","100","100","100"
"1826","100","100","100"
"1827","100","100","100"
"1828","100","100","100"
"1829","100","100","100"
"1830","100","100","100"
"1831","100","100","100"
"1832","100","100","100"
"1833","100","100","100"
"1834","100","100","100"
"1835","100","100","100"
"1836","100","100","100"
"1837","100","100","100"
"1838","100","100","100"
"1839","100","100","100"
"1840","100","100","100"
"1841","100","100","100"
"1842","100","100","100"
"1843","100","100","100"
"1844","100","100","100"
"1845","100","100","100"
"1846","100","100","100"
"1847","100","100","100"
"1848","100","100","100"
"1849","90","0","100"
"1850","90","0","100"
"1851","90","0","100"
"1852","90","0","100"
"1853","90","0","100"
"1854","90","0","100"
"1855","90","0","100"
"1856","90","0","100"
"1857","90","0","100"
"1858","100","100","100"
"1859","90","0","100"
"1860","90","0","100"
"1861","90","0","100"
"1862","90","0","100"
"1863","90","0","100"
"1864","90","0","100"
"1865","90","0","100"
"1866","90","0","100"
"1867","90","0","100"
"1868","90","0","100"
"1869","90","0","100"
"1870","100","100","100"
"1871","90","0","100"
"1872","90","0","100"
"1873","90","0","100"
"1874","90","0","100"
"1875","90","0","100"
"1876","100","100","100"
"1877","90","0","100"
"1878","100","100","100"
"1879","90","0","100"
"1880","100","100","100"
"1881","100","100","100"
"1882","100","100","100"
"1883","100","100","100"
"1884","90","0","100"
"1885","90","0","100"
"1886","100","100","100"
"1887","90","0","100"
"1888","90","0","100"
"1889","90","0","100"
"1890","90","0","100"
"1891","90","0","100"
"1892","90","0","100"
"1893","90","0","100"
"1894","90","0","100"
"1895","90","0","100"
"1896","90","0","100"
"1897","90","0","100"
"1898","90","0","100"
"1899","100","100","100"
"1900","90","0","100"
"1901","90","0","100"
"1902","90","0","100"
"1903","90","0","100"
"1904","90","0","100"
"1905","100","100","100"
"1906","90","0","100"
"1907","100","100","100"
"1908","100","100","100"
"1909","90","0","100"
"1910","90","0","100"
"1911","90","0","100"
"1912","90","0","100"
"1913","90","0","100"
"1914","90","0","100"
"1915","90","0","100"
"1916","90","0","100"
"1917","90","0","100"
"1918","90","0","100"
"1919","90","0","100"
"1920","90","0","100"
"1921","90","0","100"
"1922","90","0","100"
"1923","90","0","100"
"1924","90","0","100"
"1925","100","100","100"
"1926","90","0","100"
"1927","90","0","100"
"1928","90","0","100"
"1929","90","0","100"
"1930","90","0","100"
"1931","90","0","100"
"1932","90","0","100"
"1933","90","0","100"
"1934","90","0","100"
"1935","90","0","100"
"1936","100","100","100"
"1937","90","0","100"
"1938","90","0","100"
"1939","90","0","100"
"1940","90","0","100"
"1941","90","0","100"
"1942","100","100","100"
"1943","90","0","100"
"1944","90","0","100"
"1945","90","0","100"
"1946","90","0","100"
"1947","100","100","100"
"1948","90","0","100"
"1949","100","100","100"
"1950","90","0","100"
"1951","100","100","100"
"1952","90","0","100"
"1953","100","100","100"
"1954","100","100","100"
"1955","100","100","100"
"1956","100","100","100"
"1957","100","100","100"
"1958","100","100","100"
"1959","100","100","100"
"1960","100","100","100"
"1961","100","100","100"
"1962","100","100","100"
"1963","100","100","100"
"1964","100","100","100"
"1965","100","100","100"
"1966","100","100","100"
"1967","100","100","100"
"1968","100","100","100"
"1969","100","100","100"
"1970","100","100","100"
"1971","100","100","100"
"1972","100","100","100"
"1973","100","100","100"
"1974","100","100","100"
"1975","100","100","100"
"1976","100","100","100"
"1977","100","100","100"
"1978","100","100","100"
"1979","100","100","100"
"1980","100","100","100"
"1981","100","100","100"
"1982","100","100","100"
"1983","100","100","100"
"1984","100","100","100"
"1985","100","100","100"
"1986","100","100","100"
"1987","100","100","100"
"1988","100","100","100"
"1989","100","100","100"
"1990","100","100","100"
"1991","100","100","100"
"1992","100","100","100"
"1993","100","100","100"
"1994","100","100","100"
"1995","100","100","100"
"1996","100","100","100"
"1997","100","100","100"
"1998","100","100","100"
"1999","100","100","100"
"2000","100","100","100"
"2001","100","100","100"