"Step","env: CHICKENBANANA - ep_info/Banana","env: CHICKENBANANA - ep_info/Banana__MIN","env: CHICKENBANANA - ep_info/Banana__MAX"
"1","18","0","30"
"2","15","0","30"
"3","15","0","30"
"4","21","0","30"
"5","24","0","30"
"6","27","0","30"
"7","21","0","30"
"8","27","0","30"
"9","24","0","30"
"10","27","0","30"
"11","27","0","30"
"12","24","0","30"
"13","27","0","30"
"14","30","30","30"
"15","30","30","30"
"16","30","30","30"
"17","30","30","30"
"18","30","30","30"
"19","30","30","30"
"20","30","30","30"
"21","30","30","30"
"22","30","30","30"
"23","27","0","30"
"24","30","30","30"
"25","27","0","30"
"26","30","30","30"
"27","30","30","30"
"28","30","30","30"
"29","30","30","30"
"30","27","0","30"
"31","30","30","30"
"32","30","30","30"
"33","30","30","30"
"34","30","30","30"
"35","27","0","30"
"36","30","30","30"
"37","30","30","30"
"38","27","0","30"
"39","30","30","30"
"40","30","30","30"
"41","30","30","30"
"42","30","30","30"
"43","30","30","30"
"44","30","30","30"
"45","30","30","30"
"46","27","0","30"
"47","30","30","30"
"48","27","0","30"
"49","30","30","30"
"50","30","30","30"
"51","30","30","30"
"52","30","30","30"
"53","30","30","30"
"54","30","30","30"
"55","30","30","30"
"56","30","30","30"
"57","30","30","30"
"58","30","30","30"
"59","30","30","30"
"60","30","30","30"
"61","30","30","30"
"62","30","30","30"
"63","30","30","30"
"64","30","30","30"
"65","30","30","30"
"66","30","30","30"
"67","30","30","30"
"68","30","30","30"
"69","30","30","30"
"70","30","30","30"
"71","30","30","30"
"72","30","30","30"
"73","27","0","30"
"74","27","0","30"
"75","30","30","30"
"76","30","30","30"
"77","30","30","30"
"78","30","30","30"
"79","30","30","30"
"80","30","30","30"
"81","30","30","30"
"82","30","30","30"
"83","30","30","30"
"84","30","30","30"
"85","30","30","30"
"86","30","30","30"
"87","30","30","30"
"88","30","30","30"
"89","30","30","30"
"90","30","30","30"
"91","30","30","30"
"92","30","30","30"
"93","30","30","30"
"94","30","30","30"
"95","30","30","30"
"96","30","30","30"
"97","30","30","30"
"98","30","30","30"
"99","30","30","30"
"100","27","0","30"
"101","30","30","30"
"102","30","30","30"
"103","30","30","30"
"104","30","30","30"
"105","30","30","30"
"106","30","30","30"
"107","30","30","30"
"108","30","30","30"
"109","30","30","30"
"110","30","30","30"
"111","30","30","30"
"112","30","30","30"
"113","30","30","30"
"114","30","30","30"
"115","30","30","30"
"116","30","30","30"
"117","30","30","30"
"118","30","30","30"
"119","30","30","30"
"120","30","30","30"
"121","30","30","30"
"122","30","30","30"
"123","30","30","30"
"124","30","30","30"
"125","30","30","30"
"126","30","30","30"
"127","30","30","30"
"128","30","30","30"
"129","30","30","30"
"130","30","30","30"
"131","30","30","30"
"132","30","30","30"
"133","30","30","30"
"134","30","30","30"
"135","30","30","30"
"136","30","30","30"
"137","30","30","30"
"138","30","30","30"
"139","30","30","30"
"140","30","30","30"
"141","30","30","30"
"142","30","30","30"
"143","30","30","30"
"144","30","30","30"
"145","30","30","30"
"146","30","30","30"
"147","30","30","30"
"148","30","30","30"
"149","30","30","30"
"150","30","30","30"
"151","30","30","30"
"152","30","30","30"
"153","30","30","30"
"154","30","30","30"
"155","30","30","30"
"156","30","30","30"
"157","30","30","30"
"158","30","30","30"
"159","30","30","30"
"160","30","30","30"
"161","30","30","30"
"162","30","30","30"
"163","30","30","30"
"164","30","30","30"
"165","30","30","30"
"166","30","30","30"
"167","30","30","30"
"168","30","30","30"
"169","30","30","30"
"170","30","30","30"
"171","30","30","30"
"172","30","30","30"
"173","30","30","30"
"174","30","30","30"
"175","30","30","30"
"176","30","30","30"
"177","30","30","30"
"178","30","30","30"
"179","30","30","30"
"180","30","30","30"
"181","30","30","30"
"182","30","30","30"
"183","30","30","30"
"184","30","30","30"
"185","30","30","30"
"186","30","30","30"
"187","30","30","30"
"188","30","30","30"
"189","30","30","30"
"190","30","30","30"
"191","30","30","30"
"192","30","30","30"
"193","27","0","30"
"194","30","30","30"
"195","30","30","30"
"196","30","30","30"
"197","30","30","30"
"198","30","30","30"
"199","30","30","30"
"200","30","30","30"
"201","30","30","30"
"202","30","30","30"
"203","30","30","30"
"204","30","30","30"
"205","30","30","30"
"206","30","30","30"
"207","30","30","30"
"208","30","30","30"
"209","30","30","30"
"210","30","30","30"
"211","30","30","30"
"212","30","30","30"
"213","30","30","30"
"214","30","30","30"
"215","30","30","30"
"216","30","30","30"
"217","30","30","30"
"218","30","30","30"
"219","30","30","30"
"220","30","30","30"
"221","30","30","30"
"222","30","30","30"
"223","30","30","30"
"224","30","30","30"
"225","30","30","30"
"226","30","30","30"
"227","30","30","30"
"228","30","30","30"
"229","30","30","30"
"230","30","30","30"
"231","30","30","30"
"232","27","0","30"
"233","30","30","30"
"234","30","30","30"
"235","30","30","30"
"236","30","30","30"
"237","30","30","30"
"238","30","30","30"
"239","30","30","30"
"240","30","30","30"
"241","30","30","30"
"242","30","30","30"
"243","30","30","30"
"244","30","30","30"
"245","30","30","30"
"246","30","30","30"
"247","30","30","30"
"248","30","30","30"
"249","30","30","30"
"250","30","30","30"
"251","30","30","30"
"252","30","30","30"
"253","30","30","30"
"254","30","30","30"
"255","30","30","30"
"256","30","30","30"
"257","30","30","30"
"258","30","30","30"
"259","30","30","30"
"260","30","30","30"
"261","30","30","30"
"262","30","30","30"
"263","30","30","30"
"264","30","30","30"
"265","30","30","30"
"266","30","30","30"
"267","30","30","30"
"268","30","30","30"
"269","30","30","30"
"270","30","30","30"
"271","30","30","30"
"272","30","30","30"
"273","30","30","30"
"274","30","30","30"
"275","30","30","30"
"276","30","30","30"
"277","30","30","30"
"278","30","30","30"
"279","30","30","30"
"280","30","30","30"
"281","30","30","30"
"282","30","30","30"
"283","30","30","30"
"284","30","30","30"
"285","30","30","30"
"286","30","30","30"
"287","30","30","30"
"288","30","30","30"
"289","30","30","30"
"290","30","30","30"
"291","30","30","30"
"292","30","30","30"
"293","30","30","30"
"294","27","0","30"
"295","30","30","30"
"296","30","30","30"
"297","30","30","30"
"298","30","30","30"
"299","30","30","30"
"300","30","30","30"
"301","30","30","30"
"302","30","30","30"
"303","30","30","30"
"304","30","30","30"
"305","30","30","30"
"306","30","30","30"
"307","30","30","30"
"308","30","30","30"
"309","30","30","30"
"310","30","30","30"
"311","30","30","30"
"312","30","30","30"
"313","30","30","30"
"314","30","30","30"
"315","30","30","30"
"316","30","30","30"
"317","30","30","30"
"318","30","30","30"
"319","30","30","30"
"320","30","30","30"
"321","30","30","30"
"322","30","30","30"
"323","30","30","30"
"324","30","30","30"
"325","30","30","30"
"326","30","30","30"
"327","30","30","30"
"328","30","30","30"
"329","30","30","30"
"330","30","30","30"
"331","30","30","30"
"332","30","30","30"
"333","30","30","30"
"334","30","30","30"
"335","30","30","30"
"336","30","30","30"
"337","30","30","30"
"338","30","30","30"
"339","30","30","30"
"340","30","30","30"
"341","30","30","30"
"342","30","30","30"
"343","30","30","30"
"344","30","30","30"
"345","30","30","30"
"346","30","30","30"
"347","30","30","30"
"348","30","30","30"
"349","30","30","30"
"350","30","30","30"
"351","30","30","30"
"352","30","30","30"
"353","30","30","30"
"354","30","30","30"
"355","30","30","30"
"356","30","30","30"
"357","27","0","30"
"358","30","30","30"
"359","30","30","30"
"360","30","30","30"
"361","30","30","30"
"362","30","30","30"
"363","30","30","30"
"364","30","30","30"
"365","30","30","30"
"366","30","30","30"
"367","30","30","30"
"368","30","30","30"
"369","27","0","30"
"370","30","30","30"
"371","30","30","30"
"372","30","30","30"
"373","30","30","30"
"374","30","30","30"
"375","30","30","30"
"376","30","30","30"
"377","30","30","30"
"378","30","30","30"
"379","30","30","30"
"380","30","30","30"
"381","30","30","30"
"382","30","30","30"
"383","30","30","30"
"384","30","30","30"
"385","30","30","30"
"386","30","30","30"
"387","30","30","30"
"388","30","30","30"
"389","30","30","30"
"390","30","30","30"
"391","30","30","30"
"392","30","30","30"
"393","30","30","30"
"394","30","30","30"
"395","30","30","30"
"396","30","30","30"
"397","30","30","30"
"398","30","30","30"
"399","30","30","30"
"400","30","30","30"
"401","30","30","30"
"402","30","30","30"
"403","30","30","30"
"404","27","0","30"
"405","30","30","30"
"406","30","30","30"
"407","30","30","30"
"408","30","30","30"
"409","30","30","30"
"410","30","30","30"
"411","30","30","30"
"412","30","30","30"
"413","30","30","30"
"414","30","30","30"
"415","30","30","30"
"416","30","30","30"
"417","30","30","30"
"418","30","30","30"
"419","30","30","30"
"420","30","30","30"
"421","30","30","30"
"422","30","30","30"
"423","30","30","30"
"424","30","30","30"
"425","30","30","30"
"426","30","30","30"
"427","30","30","30"
"428","30","30","30"
"429","30","30","30"
"430","30","30","30"
"431","30","30","30"
"432","30","30","30"
"433","30","30","30"
"434","30","30","30"
"435","30","30","30"
"436","30","30","30"
"437","27","0","30"
"438","30","30","30"
"439","30","30","30"
"440","30","30","30"
"441","30","30","30"
"442","30","30","30"
"443","30","30","30"
"444","30","30","30"
"445","30","30","30"
"446","30","30","30"
"447","30","30","30"
"448","30","30","30"
"449","30","30","30"
"450","30","30","30"
"451","30","30","30"
"452","30","30","30"
"453","30","30","30"
"454","30","30","30"
"455","30","30","30"
"456","30","30","30"
"457","30","30","30"
"458","30","30","30"
"459","30","30","30"
"460","30","30","30"
"461","30","30","30"
"462","30","30","30"
"463","30","30","30"
"464","30","30","30"
"465","30","30","30"
"466","30","30","30"
"467","30","30","30"
"468","30","30","30"
"469","30","30","30"
"470","30","30","30"
"471","30","30","30"
"472","30","30","30"
"473","30","30","30"
"474","30","30","30"
"475","30","30","30"
"476","30","30","30"
"477","30","30","30"
"478","30","30","30"
"479","30","30","30"
"480","27","0","30"
"481","30","30","30"
"482","30","30","30"
"483","30","30","30"
"484","30","30","30"
"485","30","30","30"
"486","30","30","30"
"487","30","30","30"
"488","30","30","30"
"489","30","30","30"
"490","30","30","30"
"491","30","30","30"
"492","30","30","30"
"493","30","30","30"
"494","30","30","30"
"495","30","30","30"
"496","30","30","30"
"497","30","30","30"
"498","30","30","30"
"499","30","30","30"
"500","30","30","30"
"501","30","30","30"
"502","30","30","30"
"503","30","30","30"
"504","30","30","30"
"505","30","30","30"
"506","30","30","30"
"507","27","0","30"
"508","30","30","30"
"509","30","30","30"
"510","30","30","30"
"511","30","30","30"
"512","30","30","30"
"513","30","30","30"
"514","30","30","30"
"515","30","30","30"
"516","30","30","30"
"517","30","30","30"
"518","30","30","30"
"519","30","30","30"
"520","30","30","30"
"521","30","30","30"
"522","30","30","30"
"523","30","30","30"
"524","30","30","30"
"525","30","30","30"
"526","30","30","30"
"527","27","0","30"
"528","30","30","30"
"529","30","30","30"
"530","30","30","30"
"531","30","30","30"
"532","30","30","30"
"533","30","30","30"
"534","30","30","30"
"535","30","30","30"
"536","30","30","30"
"537","30","30","30"
"538","30","30","30"
"539","30","30","30"
"540","30","30","30"
"541","30","30","30"
"542","30","30","30"
"543","27","0","30"
"544","30","30","30"
"545","30","30","30"
"546","27","0","30"
"547","30","30","30"
"548","30","30","30"
"549","30","30","30"
"550","30","30","30"
"551","30","30","30"
"552","30","30","30"
"553","30","30","30"
"554","30","30","30"
"555","30","30","30"
"556","30","30","30"
"557","30","30","30"
"558","30","30","30"
"559","30","30","30"
"560","30","30","30"
"561","30","30","30"
"562","30","30","30"
"563","30","30","30"
"564","30","30","30"
"565","30","30","30"
"566","30","30","30"
"567","30","30","30"
"568","30","30","30"
"569","30","30","30"
"570","30","30","30"
"571","30","30","30"
"572","30","30","30"
"573","30","30","30"
"574","30","30","30"
"575","30","30","30"
"576","30","30","30"
"577","30","30","30"
"578","30","30","30"
"579","30","30","30"
"580","30","30","30"
"581","30","30","30"
"582","30","30","30"
"583","30","30","30"
"584","30","30","30"
"585","30","30","30"
"586","30","30","30"
"587","30","30","30"
"588","30","30","30"
"589","30","30","30"
"590","27","0","30"
"591","30","30","30"
"592","30","30","30"
"593","30","30","30"
"594","30","30","30"
"595","30","30","30"
"596","30","30","30"
"597","30","30","30"
"598","30","30","30"
"599","30","30","30"
"600","30","30","30"
"601","30","30","30"
"602","30","30","30"
"603","30","30","30"
"604","30","30","30"
"605","30","30","30"
"606","30","30","30"
"607","30","30","30"
"608","30","30","30"
"609","30","30","30"
"610","30","30","30"
"611","30","30","30"
"612","30","30","30"
"613","30","30","30"
"614","30","30","30"
"615","30","30","30"
"616","30","30","30"
"617","30","30","30"
"618","30","30","30"
"619","30","30","30"
"620","30","30","30"
"621","30","30","30"
"622","30","30","30"
"623","30","30","30"
"624","30","30","30"
"625","30","30","30"
"626","30","30","30"
"627","30","30","30"
"628","30","30","30"
"629","30","30","30"
"630","30","30","30"
"631","30","30","30"
"632","30","30","30"
"633","30","30","30"
"634","30","30","30"
"635","30","30","30"
"636","30","30","30"
"637","30","30","30"
"638","30","30","30"
"639","30","30","30"
"640","30","30","30"
"641","30","30","30"
"642","30","30","30"
"643","30","30","30"
"644","30","30","30"
"645","30","30","30"
"646","30","30","30"
"647","30","30","30"
"648","30","30","30"
"649","30","30","30"
"650","30","30","30"
"651","30","30","30"
"652","30","30","30"
"653","30","30","30"
"654","30","30","30"
"655","30","30","30"
"656","30","30","30"
"657","30","30","30"
"658","30","30","30"
"659","30","30","30"
"660","30","30","30"
"661","30","30","30"
"662","30","30","30"
"663","30","30","30"
"664","30","30","30"
"665","30","30","30"
"666","30","30","30"
"667","30","30","30"
"668","30","30","30"
"669","30","30","30"
"670","30","30","30"
"671","30","30","30"
"672","30","30","30"
"673","30","30","30"
"674","30","30","30"
"675","30","30","30"
"676","30","30","30"
"677","30","30","30"
"678","30","30","30"
"679","30","30","30"
"680","30","30","30"
"681","30","30","30"
"682","30","30","30"
"683","30","30","30"
"684","30","30","30"
"685","30","30","30"
"686","30","30","30"
"687","30","30","30"
"688","30","30","30"
"689","30","30","30"
"690","30","30","30"
"691","30","30","30"
"692","30","30","30"
"693","30","30","30"
"694","30","30","30"
"695","30","30","30"
"696","30","30","30"
"697","30","30","30"
"698","30","30","30"
"699","30","30","30"
"700","30","30","30"
"701","30","30","30"
"702","30","30","30"
"703","30","30","30"
"704","30","30","30"
"705","30","30","30"
"706","30","30","30"
"707","30","30","30"
"708","30","30","30"
"709","30","30","30"
"710","30","30","30"
"711","30","30","30"
"712","30","30","30"
"713","30","30","30"
"714","30","30","30"
"715","30","30","30"
"716","30","30","30"
"717","30","30","30"
"718","30","30","30"
"719","30","30","30"
"720","30","30","30"
"721","30","30","30"
"722","30","30","30"
"723","30","30","30"
"724","30","30","30"
"725","30","30","30"
"726","30","30","30"
"727","30","30","30"
"728","30","30","30"
"729","30","30","30"
"730","30","30","30"
"731","30","30","30"
"732","30","30","30"
"733","30","30","30"
"734","30","30","30"
"735","30","30","30"
"736","27","0","30"
"737","30","30","30"
"738","30","30","30"
"739","30","30","30"
"740","30","30","30"
"741","30","30","30"
"742","30","30","30"
"743","30","30","30"
"744","30","30","30"
"745","30","30","30"
"746","30","30","30"
"747","30","30","30"
"748","30","30","30"
"749","30","30","30"
"750","30","30","30"
"751","30","30","30"
"752","30","30","30"
"753","30","30","30"
"754","30","30","30"
"755","30","30","30"
"756","30","30","30"
"757","30","30","30"
"758","30","30","30"
"759","30","30","30"
"760","30","30","30"
"761","30","30","30"
"762","30","30","30"
"763","30","30","30"
"764","30","30","30"
"765","30","30","30"
"766","30","30","30"
"767","30","30","30"
"768","30","30","30"
"769","30","30","30"
"770","30","30","30"
"771","30","30","30"
"772","30","30","30"
"773","30","30","30"
"774","30","30","30"
"775","30","30","30"
"776","30","30","30"
"777","30","30","30"
"778","30","30","30"
"779","30","30","30"
"780","30","30","30"
"781","30","30","30"
"782","30","30","30"
"783","30","30","30"
"784","30","30","30"
"785","30","30","30"
"786","30","30","30"
"787","30","30","30"
"788","30","30","30"
"789","30","30","30"
"790","30","30","30"
"791","30","30","30"
"792","30","30","30"
"793","30","30","30"
"794","30","30","30"
"795","30","30","30"
"796","30","30","30"
"797","30","30","30"
"798","30","30","30"
"799","30","30","30"
"800","30","30","30"
"801","30","30","30"
"802","30","30","30"
"803","30","30","30"
"804","30","30","30"
"805","30","30","30"
"806","30","30","30"
"807","30","30","30"
"808","30","30","30"
"809","30","30","30"
"810","30","30","30"
"811","30","30","30"
"812","30","30","30"
"813","30","30","30"
"814","30","30","30"
"815","30","30","30"
"816","30","30","30"
"817","30","30","30"
"818","30","30","30"
"819","30","30","30"
"820","30","30","30"
"821","30","30","30"
"822","30","30","30"
"823","30","30","30"
"824","30","30","30"
"825","30","30","30"
"826","30","30","30"
"827","30","30","30"
"828","30","30","30"
"829","30","30","30"
"830","30","30","30"
"831","30","30","30"
"832","30","30","30"
"833","30","30","30"
"834","30","30","30"
"835","30","30","30"
"836","30","30","30"
"837","30","30","30"
"838","30","30","30"
"839","30","30","30"
"840","30","30","30"
"841","30","30","30"
"842","30","30","30"
"843","30","30","30"
"844","30","30","30"
"845","30","30","30"
"846","30","30","30"
"847","30","30","30"
"848","30","30","30"
"849","30","30","30"
"850","30","30","30"
"851","30","30","30"
"852","30","30","30"
"853","30","30","30"
"854","30","30","30"
"855","30","30","30"
"856","30","30","30"
"857","30","30","30"
"858","30","30","30"
"859","30","30","30"
"860","30","30","30"
"861","30","30","30"
"862","30","30","30"
"863","30","30","30"
"864","30","30","30"
"865","30","30","30"
"866","30","30","30"
"867","30","30","30"
"868","30","30","30"
"869","30","30","30"
"870","30","30","30"
"871","30","30","30"
"872","30","30","30"
"873","30","30","30"
"874","30","30","30"
"875","30","30","30"
"876","30","30","30"
"877","30","30","30"
"878","30","30","30"
"879","30","30","30"
"880","30","30","30"
"881","30","30","30"
"882","30","30","30"
"883","30","30","30"
"884","30","30","30"
"885","30","30","30"
"886","30","30","30"
"887","30","30","30"
"888","30","30","30"
"889","30","30","30"
"890","30","30","30"
"891","30","30","30"
"892","30","30","30"
"893","30","30","30"
"894","30","30","30"
"895","30","30","30"
"896","30","30","30"
"897","30","30","30"
"898","30","30","30"
"899","30","30","30"
"900","30","30","30"
"901","30","30","30"
"902","30","30","30"
"903","30","30","30"
"904","30","30","30"
"905","30","30","30"
"906","30","30","30"
"907","30","30","30"
"908","30","30","30"
"909","30","30","30"
"910","30","30","30"
"911","30","30","30"
"912","30","30","30"
"913","30","30","30"
"914","30","30","30"
"915","30","30","30"
"916","30","30","30"
"917","30","30","30"
"918","30","30","30"
"919","30","30","30"
"920","30","30","30"
"921","30","30","30"
"922","30","30","30"
"923","30","30","30"
"924","30","30","30"
"925","30","30","30"
"926","30","30","30"
"927","30","30","30"
"928","30","30","30"
"929","30","30","30"
"930","30","30","30"
"931","30","30","30"
"932","30","30","30"
"933","30","30","30"
"934","30","30","30"
"935","30","30","30"
"936","30","30","30"
"937","30","30","30"
"938","30","30","30"
"939","30","30","30"
"940","30","30","30"
"941","30","30","30"
"942","30","30","30"
"943","30","30","30"
"944","30","30","30"
"945","30","30","30"
"946","30","30","30"
"947","30","30","30"
"948","30","30","30"
"949","30","30","30"
"950","30","30","30"
"951","30","30","30"
"952","30","30","30"
"953","30","30","30"
"954","30","30","30"
"955","30","30","30"
"956","30","30","30"
"957","30","30","30"
"958","30","30","30"
"959","30","30","30"
"960","30","30","30"
"961","30","30","30"
"962","30","30","30"
"963","30","30","30"
"964","30","30","30"
"965","30","30","30"
"966","30","30","30"
"967","30","30","30"
"968","30","30","30"
"969","30","30","30"
"970","27","0","30"
"971","30","30","30"
"972","30","30","30"
"973","30","30","30"
"974","30","30","30"
"975","30","30","30"
"976","30","30","30"
"977","30","30","30"
"978","30","30","30"
"979","30","30","30"
"980","30","30","30"
"981","30","30","30"
"982","30","30","30"
"983","30","30","30"
"984","30","30","30"
"985","27","0","30"
"986","30","30","30"
"987","30","30","30"
"988","30","30","30"
"989","30","30","30"
"990","30","30","30"
"991","30","30","30"
"992","30","30","30"
"993","30","30","30"
"994","30","30","30"
"995","30","30","30"
"996","30","30","30"
"997","30","30","30"
"998","30","30","30"
"999","30","30","30"
"1000","30","30","30"
"1001","30","30","30"
"1002","30","30","30"
"1003","30","30","30"
"1004","30","30","30"
"1005","30","30","30"
"1006","30","30","30"
"1007","30","30","30"
"1008","30","30","30"
"1009","30","30","30"
"1010","30","30","30"
"1011","30","30","30"
"1012","30","30","30"
"1013","30","30","30"
"1014","30","30","30"
"1015","30","30","30"
"1016","30","30","30"
"1017","30","30","30"
"1018","30","30","30"
"1019","30","30","30"
"1020","30","30","30"
"1021","30","30","30"
"1022","30","30","30"
"1023","30","30","30"
"1024","30","30","30"
"1025","30","30","30"
"1026","30","30","30"
"1027","30","30","30"
"1028","30","30","30"
"1029","30","30","30"
"1030","30","30","30"
"1031","30","30","30"
"1032","30","30","30"
"1033","30","30","30"
"1034","30","30","30"
"1035","30","30","30"
"1036","30","30","30"
"1037","30","30","30"
"1038","30","30","30"
"1039","30","30","30"
"1040","30","30","30"
"1041","30","30","30"
"1042","30","30","30"
"1043","30","30","30"
"1044","30","30","30"
"1045","30","30","30"
"1046","30","30","30"
"1047","30","30","30"
"1048","30","30","30"
"1049","30","30","30"
"1050","30","30","30"
"1051","30","30","30"
"1052","30","30","30"
"1053","30","30","30"
"1054","30","30","30"
"1055","30","30","30"
"1056","30","30","30"
"1057","30","30","30"
"1058","30","30","30"
"1059","30","30","30"
"1060","30","30","30"
"1061","30","30","30"
"1062","30","30","30"
"1063","30","30","30"
"1064","30","30","30"
"1065","30","30","30"
"1066","30","30","30"
"1067","30","30","30"
"1068","30","30","30"
"1069","30","30","30"
"1070","30","30","30"
"1071","30","30","30"
"1072","30","30","30"
"1073","30","30","30"
"1074","30","30","30"
"1075","30","30","30"
"1076","30","30","30"
"1077","30","30","30"
"1078","30","30","30"
"1079","30","30","30"
"1080","30","30","30"
"1081","30","30","30"
"1082","30","30","30"
"1083","30","30","30"
"1084","30","30","30"
"1085","30","30","30"
"1086","30","30","30"
"1087","30","30","30"
"1088","30","30","30"
"1089","30","30","30"
"1090","30","30","30"
"1091","30","30","30"
"1092","30","30","30"
"1093","30","30","30"
"1094","30","30","30"
"1095","30","30","30"
"1096","30","30","30"
"1097","30","30","30"
"1098","30","30","30"
"1099","30","30","30"
"1100","30","30","30"
"1101","30","30","30"
"1102","30","30","30"
"1103","30","30","30"
"1104","30","30","30"
"1105","30","30","30"
"1106","30","30","30"
"1107","30","30","30"
"1108","30","30","30"
"1109","30","30","30"
"1110","30","30","30"
"1111","30","30","30"
"1112","30","30","30"
"1113","30","30","30"
"1114","30","30","30"
"1115","30","30","30"
"1116","30","30","30"
"1117","30","30","30"
"1118","30","30","30"
"1119","30","30","30"
"1120","30","30","30"
"1121","30","30","30"
"1122","30","30","30"
"1123","30","30","30"
"1124","30","30","30"
"1125","30","30","30"
"1126","30","30","30"
"1127","30","30","30"
"1128","30","30","30"
"1129","30","30","30"
"1130","30","30","30"
"1131","30","30","30"
"1132","30","30","30"
"1133","30","30","30"
"1134","30","30","30"
"1135","30","30","30"
"1136","30","30","30"
"1137","30","30","30"
"1138","30","30","30"
"1139","30","30","30"
"1140","30","30","30"
"1141","30","30","30"
"1142","30","30","30"
"1143","27","0","30"
"1144","30","30","30"
"1145","30","30","30"
"1146","30","30","30"
"1147","30","30","30"
"1148","30","30","30"
"1149","30","30","30"
"1150","30","30","30"
"1151","30","30","30"
"1152","30","30","30"
"1153","30","30","30"
"1154","30","30","30"
"1155","30","30","30"
"1156","30","30","30"
"1157","30","30","30"
"1158","30","30","30"
"1159","30","30","30"
"1160","30","30","30"
"1161","30","30","30"
"1162","30","30","30"
"1163","30","30","30"
"1164","30","30","30"
"1165","30","30","30"
"1166","30","30","30"
"1167","30","30","30"
"1168","30","30","30"
"1169","30","30","30"
"1170","30","30","30"
"1171","30","30","30"
"1172","30","30","30"
"1173","30","30","30"
"1174","30","30","30"
"1175","30","30","30"
"1176","30","30","30"
"1177","30","30","30"
"1178","30","30","30"
"1179","30","30","30"
"1180","30","30","30"
"1181","30","30","30"
"1182","30","30","30"
"1183","30","30","30"
"1184","30","30","30"
"1185","30","30","30"
"1186","30","30","30"
"1187","30","30","30"
"1188","30","30","30"
"1189","30","30","30"
"1190","30","30","30"
"1191","30","30","30"
"1192","30","30","30"
"1193","30","30","30"
"1194","30","30","30"
"1195","30","30","30"
"1196","27","0","30"
"1197","30","30","30"
"1198","30","30","30"
"1199","30","30","30"
"1200","30","30","30"
"1201","30","30","30"
"1202","30","30","30"
"1203","30","30","30"
"1204","30","30","30"
"1205","30","30","30"
"1206","30","30","30"
"1207","30","30","30"
"1208","30","30","30"
"1209","30","30","30"
"1210","30","30","30"
"1211","30","30","30"
"1212","30","30","30"
"1213","30","30","30"
"1214","30","30","30"
"1215","30","30","30"
"1216","30","30","30"
"1217","30","30","30"
"1218","30","30","30"
"1219","30","30","30"
"1220","30","30","30"
"1221","30","30","30"
"1222","30","30","30"
"1223","30","30","30"
"1224","30","30","30"
"1225","30","30","30"
"1226","30","30","30"
"1227","30","30","30"
"1228","30","30","30"
"1229","30","30","30"
"1230","30","30","30"
"1231","30","30","30"
"1232","30","30","30"
"1233","30","30","30"
"1234","30","30","30"
"1235","30","30","30"
"1236","30","30","30"
"1237","27","0","30"
"1238","30","30","30"
"1239","30","30","30"
"1240","30","30","30"
"1241","30","30","30"
"1242","30","30","30"
"1243","30","30","30"
"1244","30","30","30"
"1245","30","30","30"
"1246","30","30","30"
"1247","30","30","30"
"1248","30","30","30"
"1249","30","30","30"
"1250","30","30","30"
"1251","30","30","30"
"1252","30","30","30"
"1253","30","30","30"
"1254","30","30","30"
"1255","30","30","30"
"1256","30","30","30"
"1257","30","30","30"
"1258","30","30","30"
"1259","30","30","30"
"1260","30","30","30"
"1261","30","30","30"
"1262","30","30","30"
"1263","30","30","30"
"1264","30","30","30"
"1265","30","30","30"
"1266","30","30","30"
"1267","30","30","30"
"1268","30","30","30"
"1269","27","0","30"
"1270","30","30","30"
"1271","30","30","30"
"1272","30","30","30"
"1273","30","30","30"
"1274","30","30","30"
"1275","30","30","30"
"1276","30","30","30"
"1277","30","30","30"
"1278","30","30","30"
"1279","30","30","30"
"1280","30","30","30"
"1281","30","30","30"
"1282","30","30","30"
"1283","30","30","30"
"1284","30","30","30"
"1285","30","30","30"
"1286","30","30","30"
"1287","30","30","30"
"1288","30","30","30"
"1289","30","30","30"
"1290","30","30","30"
"1291","30","30","30"
"1292","27","0","30"
"1293","30","30","30"
"1294","30","30","30"
"1295","30","30","30"
"1296","30","30","30"
"1297","30","30","30"
"1298","30","30","30"
"1299","30","30","30"
"1300","30","30","30"
"1301","27","0","30"
"1302","30","30","30"
"1303","30","30","30"
"1304","30","30","30"
"1305","30","30","30"
"1306","30","30","30"
"1307","30","30","30"
"1308","30","30","30"
"1309","30","30","30"
"1310","30","30","30"
"1311","30","30","30"
"1312","30","30","30"
"1313","30","30","30"
"1314","30","30","30"
"1315","30","30","30"
"1316","30","30","30"
"1317","30","30","30"
"1318","30","30","30"
"1319","30","30","30"
"1320","30","30","30"
"1321","30","30","30"
"1322","30","30","30"
"1323","30","30","30"
"1324","30","30","30"
"1325","30","30","30"
"1326","30","30","30"
"1327","30","30","30"
"1328","30","30","30"
"1329","30","30","30"
"1330","30","30","30"
"1331","30","30","30"
"1332","30","30","30"
"1333","30","30","30"
"1334","30","30","30"
"1335","30","30","30"
"1336","30","30","30"
"1337","30","30","30"
"1338","30","30","30"
"1339","30","30","30"
"1340","30","30","30"
"1341","30","30","30"
"1342","30","30","30"
"1343","30","30","30"
"1344","30","30","30"
"1345","30","30","30"
"1346","30","30","30"
"1347","30","30","30"
"1348","30","30","30"
"1349","30","30","30"
"1350","30","30","30"
"1351","30","30","30"
"1352","30","30","30"
"1353","30","30","30"
"1354","30","30","30"
"1355","30","30","30"
"1356","30","30","30"
"1357","30","30","30"
"1358","30","30","30"
"1359","30","30","30"
"1360","30","30","30"
"1361","30","30","30"
"1362","30","30","30"
"1363","30","30","30"
"1364","30","30","30"
"1365","30","30","30"
"1366","30","30","30"
"1367","30","30","30"
"1368","30","30","30"
"1369","30","30","30"
"1370","30","30","30"
"1371","30","30","30"
"1372","30","30","30"
"1373","30","30","30"
"1374","30","30","30"
"1375","30","30","30"
"1376","30","30","30"
"1377","30","30","30"
"1378","30","30","30"
"1379","30","30","30"
"1380","30","30","30"
"1381","30","30","30"
"1382","30","30","30"
"1383","30","30","30"
"1384","30","30","30"
"1385","30","30","30"
"1386","30","30","30"
"1387","30","30","30"
"1388","30","30","30"
"1389","30","30","30"
"1390","30","30","30"
"1391","30","30","30"
"1392","30","30","30"
"1393","30","30","30"
"1394","30","30","30"
"1395","30","30","30"
"1396","30","30","30"
"1397","30","30","30"
"1398","30","30","30"
"1399","30","30","30"
"1400","30","30","30"
"1401","30","30","30"
"1402","30","30","30"
"1403","30","30","30"
"1404","30","30","30"
"1405","30","30","30"
"1406","30","30","30"
"1407","30","30","30"
"1408","30","30","30"
"1409","30","30","30"
"1410","30","30","30"
"1411","30","30","30"
"1412","30","30","30"
"1413","30","30","30"
"1414","30","30","30"
"1415","30","30","30"
"1416","30","30","30"
"1417","30","30","30"
"1418","30","30","30"
"1419","30","30","30"
"1420","30","30","30"
"1421","30","30","30"
"1422","30","30","30"
"1423","30","30","30"
"1424","30","30","30"
"1425","30","30","30"
"1426","30","30","30"
"1427","30","30","30"
"1428","30","30","30"
"1429","30","30","30"
"1430","30","30","30"
"1431","30","30","30"
"1432","30","30","30"
"1433","30","30","30"
"1434","30","30","30"
"1435","30","30","30"
"1436","30","30","30"
"1437","30","30","30"
"1438","30","30","30"
"1439","30","30","30"
"1440","30","30","30"
"1441","30","30","30"
"1442","30","30","30"
"1443","30","30","30"
"1444","30","30","30"
"1445","30","30","30"
"1446","30","30","30"
"1447","30","30","30"
"1448","30","30","30"
"1449","30","30","30"
"1450","30","30","30"
"1451","30","30","30"
"1452","30","30","30"
"1453","30","30","30"
"1454","30","30","30"
"1455","30","30","30"
"1456","30","30","30"
"1457","30","30","30"
"1458","30","30","30"
"1459","30","30","30"
"1460","30","30","30"
"1461","30","30","30"
"1462","30","30","30"
"1463","30","30","30"
"1464","30","30","30"
"1465","30","30","30"
"1466","30","30","30"
"1467","30","30","30"
"1468","30","30","30"
"1469","30","30","30"
"1470","30","30","30"
"1471","30","30","30"
"1472","30","30","30"
"1473","30","30","30"
"1474","30","30","30"
"1475","30","30","30"
"1476","30","30","30"
"1477","30","30","30"
"1478","30","30","30"
"1479","30","30","30"
"1480","30","30","30"
"1481","30","30","30"
"1482","30","30","30"
"1483","30","30","30"
"1484","30","30","30"
"1485","30","30","30"
"1486","30","30","30"
"1487","30","30","30"
"1488","30","30","30"
"1489","30","30","30"
"1490","30","30","30"
"1491","30","30","30"
"1492","30","30","30"
"1493","30","30","30"
"1494","30","30","30"
"1495","30","30","30"
"1496","30","30","30"
"1497","30","30","30"
"1498","30","30","30"
"1499","30","30","30"
"1500","30","30","30"
"1501","30","30","30"
"1502","30","30","30"
"1503","30","30","30"
"1504","30","30","30"
"1505","30","30","30"
"1506","30","30","30"
"1507","30","30","30"
"1508","30","30","30"
"1509","30","30","30"
"1510","30","30","30"
"1511","30","30","30"
"1512","30","30","30"
"1513","30","30","30"
"1514","30","30","30"
"1515","30","30","30"
"1516","30","30","30"
"1517","27","0","30"
"1518","30","30","30"
"1519","30","30","30"
"1520","30","30","30"
"1521","30","30","30"
"1522","30","30","30"
"1523","30","30","30"
"1524","30","30","30"
"1525","30","30","30"
"1526","30","30","30"
"1527","30","30","30"
"1528","30","30","30"
"1529","30","30","30"
"1530","30","30","30"
"1531","30","30","30"
"1532","30","30","30"
"1533","30","30","30"
"1534","30","30","30"
"1535","30","30","30"
"1536","27","0","30"
"1537","30","30","30"
"1538","30","30","30"
"1539","30","30","30"
"1540","30","30","30"
"1541","30","30","30"
"1542","30","30","30"
"1543","30","30","30"
"1544","30","30","30"
"1545","30","30","30"
"1546","30","30","30"
"1547","30","30","30"
"1548","30","30","30"
"1549","30","30","30"
"1550","30","30","30"
"1551","30","30","30"
"1552","30","30","30"
"1553","30","30","30"
"1554","30","30","30"
"1555","30","30","30"
"1556","30","30","30"
"1557","27","0","30"
"1558","30","30","30"
"1559","30","30","30"
"1560","30","30","30"
"1561","30","30","30"
"1562","30","30","30"
"1563","30","30","30"
"1564","30","30","30"
"1565","30","30","30"
"1566","30","30","30"
"1567","30","30","30"
"1568","30","30","30"
"1569","30","30","30"
"1570","30","30","30"
"1571","30","30","30"
"1572","30","30","30"
"1573","30","30","30"
"1574","30","30","30"
"1575","30","30","30"
"1576","30","30","30"
"1577","30","30","30"
"1578","30","30","30"
"1579","30","30","30"
"1580","30","30","30"
"1581","30","30","30"
"1582","30","30","30"
"1583","30","30","30"
"1584","30","30","30"
"1585","30","30","30"
"1586","30","30","30"
"1587","30","30","30"
"1588","30","30","30"
"1589","30","30","30"
"1590","30","30","30"
"1591","30","30","30"
"1592","30","30","30"
"1593","30","30","30"
"1594","30","30","30"
"1595","30","30","30"
"1596","30","30","30"
"1597","30","30","30"
"1598","30","30","30"
"1599","30","30","30"
"1600","30","30","30"
"1601","30","30","30"
"1602","30","30","30"
"1603","30","30","30"
"1604","30","30","30"
"1605","30","30","30"
"1606","30","30","30"
"1607","30","30","30"
"1608","30","30","30"
"1609","30","30","30"
"1610","30","30","30"
"1611","30","30","30"
"1612","30","30","30"
"1613","30","30","30"
"1614","30","30","30"
"1615","30","30","30"
"1616","30","30","30"
"1617","30","30","30"
"1618","30","30","30"
"1619","30","30","30"
"1620","30","30","30"
"1621","30","30","30"
"1622","30","30","30"
"1623","30","30","30"
"1624","30","30","30"
"1625","30","30","30"
"1626","30","30","30"
"1627","30","30","30"
"1628","30","30","30"
"1629","30","30","30"
"1630","30","30","30"
"1631","30","30","30"
"1632","30","30","30"
"1633","30","30","30"
"1634","30","30","30"
"1635","30","30","30"
"1636","30","30","30"
"1637","30","30","30"
"1638","30","30","30"
"1639","30","30","30"
"1640","30","30","30"
"1641","30","30","30"
"1642","30","30","30"
"1643","30","30","30"
"1644","30","30","30"
"1645","30","30","30"
"1646","30","30","30"
"1647","30","30","30"
"1648","30","30","30"
"1649","30","30","30"
"1650","30","30","30"
"1651","30","30","30"
"1652","30","30","30"
"1653","30","30","30"
"1654","30","30","30"
"1655","30","30","30"
"1656","30","30","30"
"1657","30","30","30"
"1658","30","30","30"
"1659","30","30","30"
"1660","30","30","30"
"1661","30","30","30"
"1662","30","30","30"
"1663","30","30","30"
"1664","30","30","30"
"1665","30","30","30"
"1666","30","30","30"
"1667","30","30","30"
"1668","30","30","30"
"1669","30","30","30"
"1670","30","30","30"
"1671","30","30","30"
"1672","30","30","30"
"1673","30","30","30"
"1674","30","30","30"
"1675","30","30","30"
"1676","30","30","30"
"1677","30","30","30"
"1678","30","30","30"
"1679","30","30","30"
"1680","30","30","30"
"1681","30","30","30"
"1682","30","30","30"
"1683","30","30","30"
"1684","30","30","30"
"1685","30","30","30"
"1686","30","30","30"
"1687","30","30","30"
"1688","30","30","30"
"1689","30","30","30"
"1690","30","30","30"
"1691","30","30","30"
"1692","30","30","30"
"1693","30","30","30"
"1694","30","30","30"
"1695","30","30","30"
"1696","30","30","30"
"1697","30","30","30"
"1698","30","30","30"
"1699","30","30","30"
"1700","30","30","30"
"1701","30","30","30"
"1702","30","30","30"
"1703","30","30","30"
"1704","30","30","30"
"1705","30","30","30"
"1706","30","30","30"
"1707","30","30","30"
"1708","30","30","30"
"1709","30","30","30"
"1710","30","30","30"
"1711","30","30","30"
"1712","30","30","30"
"1713","30","30","30"
"1714","30","30","30"
"1715","30","30","30"
"1716","30","30","30"
"1717","30","30","30"
"1718","30","30","30"
"1719","30","30","30"
"1720","30","30","30"
"1721","30","30","30"
"1722","30","30","30"
"1723","30","30","30"
"1724","30","30","30"
"1725","30","30","30"
"1726","30","30","30"
"1727","30","30","30"
"1728","30","30","30"
"1729","30","30","30"
"1730","30","30","30"
"1731","30","30","30"
"1732","30","30","30"
"1733","30","30","30"
"1734","30","30","30"
"1735","30","30","30"
"1736","30","30","30"
"1737","30","30","30"
"1738","30","30","30"
"1739","30","30","30"
"1740","30","30","30"
"1741","30","30","30"
"1742","30","30","30"
"1743","30","30","30"
"1744","30","30","30"
"1745","30","30","30"
"1746","30","30","30"
"1747","30","30","30"
"1748","30","30","30"
"1749","30","30","30"
"1750","30","30","30"
"1751","30","30","30"
"1752","30","30","30"
"1753","30","30","30"
"1754","30","30","30"
"1755","30","30","30"
"1756","30","30","30"
"1757","30","30","30"
"1758","30","30","30"
"1759","30","30","30"
"1760","30","30","30"
"1761","30","30","30"
"1762","30","30","30"
"1763","30","30","30"
"1764","30","30","30"
"1765","30","30","30"
"1766","30","30","30"
"1767","30","30","30"
"1768","30","30","30"
"1769","30","30","30"
"1770","30","30","30"
"1771","30","30","30"
"1772","30","30","30"
"1773","30","30","30"
"1774","30","30","30"
"1775","30","30","30"
"1776","30","30","30"
"1777","30","30","30"
"1778","30","30","30"
"1779","30","30","30"
"1780","30","30","30"
"1781","30","30","30"
"1782","30","30","30"
"1783","30","30","30"
"1784","30","30","30"
"1785","30","30","30"
"1786","30","30","30"
"1787","30","30","30"
"1788","30","30","30"
"1789","30","30","30"
"1790","30","30","30"
"1791","30","30","30"
"1792","30","30","30"
"1793","30","30","30"
"1794","30","30","30"
"1795","30","30","30"
"1796","30","30","30"
"1797","30","30","30"
"1798","30","30","30"
"1799","30","30","30"
"1800","30","30","30"
"1801","27","0","30"
"1802","30","30","30"
"1803","30","30","30"
"1804","30","30","30"
"1805","30","30","30"
"1806","30","30","30"
"1807","30","30","30"
"1808","30","30","30"
"1809","30","30","30"
"1810","30","30","30"
"1811","30","30","30"
"1812","30","30","30"
"1813","30","30","30"
"1814","30","30","30"
"1815","30","30","30"
"1816","30","30","30"
"1817","30","30","30"
"1818","30","30","30"
"1819","30","30","30"
"1820","27","0","30"
"1821","30","30","30"
"1822","30","30","30"
"1823","30","30","30"
"1824","30","30","30"
"1825","30","30","30"
"1826","30","30","30"
"1827","30","30","30"
"1828","30","30","30"
"1829","30","30","30"
"1830","30","30","30"
"1831","27","0","30"
"1832","30","30","30"
"1833","30","30","30"
"1834","30","30","30"
"1835","30","30","30"
"1836","30","30","30"
"1837","30","30","30"
"1838","30","30","30"
"1839","30","30","30"
"1840","30","30","30"
"1841","30","30","30"
"1842","30","30","30"
"1843","30","30","30"
"1844","30","30","30"
"1845","30","30","30"
"1846","30","30","30"
"1847","30","30","30"
"1848","30","30","30"
"1849","30","30","30"
"1850","30","30","30"
"1851","30","30","30"
"1852","30","30","30"
"1853","30","30","30"
"1854","30","30","30"
"1855","30","30","30"
"1856","30","30","30"
"1857","30","30","30"
"1858","30","30","30"
"1859","30","30","30"
"1860","30","30","30"
"1861","30","30","30"
"1862","30","30","30"
"1863","30","30","30"
"1864","30","30","30"
"1865","30","30","30"
"1866","30","30","30"
"1867","30","30","30"
"1868","30","30","30"
"1869","30","30","30"
"1870","30","30","30"
"1871","30","30","30"
"1872","30","30","30"
"1873","30","30","30"
"1874","30","30","30"
"1875","30","30","30"
"1876","30","30","30"
"1877","30","30","30"
"1878","30","30","30"
"1879","30","30","30"
"1880","30","30","30"
"1881","30","30","30"
"1882","30","30","30"
"1883","30","30","30"
"1884","30","30","30"
"1885","30","30","30"
"1886","30","30","30"
"1887","30","30","30"
"1888","30","30","30"
"1889","30","30","30"
"1890","30","30","30"
"1891","30","30","30"
"1892","30","30","30"
"1893","30","30","30"
"1894","30","30","30"
"1895","30","30","30"
"1896","30","30","30"
"1897","30","30","30"
"1898","30","30","30"
"1899","30","30","30"
"1900","30","30","30"
"1901","30","30","30"
"1902","30","30","30"
"1903","30","30","30"
"1904","30","30","30"
"1905","30","30","30"
"1906","30","30","30"
"1907","30","30","30"
"1908","30","30","30"
"1909","30","30","30"
"1910","30","30","30"
"1911","30","30","30"
"1912","27","0","30"
"1913","30","30","30"
"1914","30","30","30"
"1915","30","30","30"
"1916","30","30","30"
"1917","30","30","30"
"1918","30","30","30"
"1919","30","30","30"
"1920","30","30","30"
"1921","30","30","30"
"1922","30","30","30"
"1923","30","30","30"
"1924","30","30","30"
"1925","30","30","30"
"1926","30","30","30"
"1927","30","30","30"
"1928","30","30","30"
"1929","30","30","30"
"1930","30","30","30"
"1931","30","30","30"
"1932","30","30","30"
"1933","30","30","30"
"1934","30","30","30"
"1935","30","30","30"
"1936","30","30","30"
"1937","27","0","30"
"1938","30","30","30"
"1939","30","30","30"
"1940","30","30","30"
"1941","30","30","30"
"1942","30","30","30"
"1943","30","30","30"
"1944","30","30","30"
"1945","30","30","30"
"1946","30","30","30"
"1947","30","30","30"
"1948","30","30","30"
"1949","30","30","30"
"1950","30","30","30"
"1951","30","30","30"
"1952","30","30","30"
"1953","30","30","30"
"1954","30","30","30"
"1955","30","30","30"
"1956","30","30","30"
"1957","30","30","30"
"1958","30","30","30"
"1959","30","30","30"
"1960","30","30","30"
"1961","30","30","30"
"1962","30","30","30"
"1963","30","30","30"
"1964","30","30","30"
"1965","30","30","30"
"1966","30","30","30"
"1967","30","30","30"
"1968","30","30","30"
"1969","30","30","30"
"1970","30","30","30"
"1971","30","30","30"
"1972","30","30","30"
"1973","30","30","30"
"1974","30","30","30"
"1975","30","30","30"
"1976","30","30","30"
"1977","30","30","30"
"1978","30","30","30"
"1979","30","30","30"
"1980","30","30","30"
"1981","30","30","30"
"1982","30","30","30"
"1983","30","30","30"
"1984","30","30","30"
"1985","30","30","30"
"1986","30","30","30"
"1987","30","30","30"
"1988","30","30","30"
"1989","30","30","30"
"1990","30","30","30"
"1991","30","30","30"
"1992","30","30","30"
"1993","30","30","30"
"1994","30","30","30"
"1995","30","30","30"
"1996","30","30","30"
"1997","30","30","30"
"1998","30","30","30"
"1999","30","30","30"
"2000","27","0","30"
"2001","30","30","30"