"Step","env: TAXI - ep_info/Objective","env: TAXI - ep_info/Objective__MIN","env: TAXI - ep_info/Objective__MAX","env: TAXI - ep_info/Illegal_action","env: TAXI - ep_info/Illegal_action__MIN","env: TAXI - ep_info/Illegal_action__MAX"
"1","0","0","0","-48.8","-55","-41"
"2","0.2","0","1","-50.6","-66","-40"
"3","0","0","0","-49.8","-54","-44"
"4","0","0","0","-48","-51","-44"
"5","0","0","0","-51","-63","-45"
"6","0","0","0","-53.4","-58","-49"
"7","0","0","0","-53.6","-67","-47"
"8","0.2","0","1","-50.8","-57","-44"
"9","0.2","0","1","-53.2","-55","-48"
"10","0","0","0","-53.6","-61","-45"
"11","0","0","0","-54.6","-63","-51"
"12","0","0","0","-52.4","-66","-42"
"13","0","0","0","-63.8","-68","-57"
"14","0.2","0","1","-57.8","-70","-49"
"15","0","0","0","-58.2","-63","-51"
"16","0.4","0","1","-61","-69","-48"
"17","0","0","0","-59.6","-70","-47"
"18","0","0","0","-59.4","-63","-56"
"19","0.2","0","1","-54.2","-64","-35"
"20","0","0","0","-56","-63","-52"
"21","0.2","0","1","-65.6","-72","-56"
"22","0.2","0","1","-54","-64","-40"
"23","0","0","0","-60.6","-67","-56"
"24","0.2","0","1","-54.8","-70","-28"
"25","0.2","0","1","-55","-69","-36"
"26","0","0","0","-62.8","-71","-54"
"27","0","0","0","-60.8","-68","-52"
"28","0","0","0","-64.6","-70","-58"
"29","0.2","0","1","-53","-62","-25"
"30","0","0","0","-61.4","-69","-51"
"31","0.2","0","1","-60.6","-70","-52"
"32","0.2","0","1","-62","-68","-47"
"33","0.4","0","1","-57","-69","-47"
"34","0","0","0","-65","-69","-57"
"35","0.4","0","1","-61","-69","-48"
"36","0","0","0","-64","-68","-52"
"37","0.2","0","1","-62","-69","-45"
"38","0","0","0","-66.8","-68","-65"
"39","0","0","0","-64.4","-67","-54"
"40","0.2","0","1","-63.4","-68","-50"
"41","0.4","0","1","-56.4","-72","-28"
"42","0","0","0","-64","-67","-56"
"43","0.2","0","1","-59.2","-70","-45"
"44","0.4","0","1","-53.4","-72","-29"
"45","0","0","0","-65.2","-67","-61"
"46","0","0","0","-70","-71","-67"
"47","0","0","0","-65","-67","-63"
"48","0.2","0","1","-63","-71","-52"
"49","0","0","0","-66","-70","-60"
"50","0.2","0","1","-53.8","-71","-17"
"51","0","0","0","-63.2","-68","-56"
"52","0","0","0","-66","-69","-62"
"53","0","0","0","-65.4","-69","-61"
"54","0","0","0","-66.8","-72","-59"
"55","0","0","0","-65.2","-68","-63"
"56","0","0","0","-64.8","-68","-62"
"57","0.2","0","1","-63","-68","-54"
"58","0.2","0","1","-64.6","-68","-57"
"59","0","0","0","-65.2","-69","-62"
"60","0","0","0","-64.8","-70","-61"
"61","0","0","0","-64.6","-69","-60"
"62","0","0","0","-66.4","-69","-63"
"63","0.2","0","1","-64.8","-69","-54"
"64","0","0","0","-65.8","-68","-62"
"65","0","0","0","-65.8","-69","-63"
"66","0","0","0","-67.6","-70","-62"
"67","0","0","0","-64.4","-69","-60"
"68","0.4","0","1","-53","-65","-32"
"69","0.2","0","1","-64.2","-71","-48"
"70","0.2","0","1","-62.8","-68","-52"
"71","0.2","0","1","-61.8","-68","-47"
"72","0.2","0","1","-58","-68","-33"
"73","0.2","0","1","-57.2","-71","-13"
"74","0","0","0","-67.6","-70","-65"
"75","0.4","0","1","-44.8","-68","-13"
"76","0.2","0","1","-60.8","-70","-45"
"77","0","0","0","-62.6","-66","-57"
"78","0.2","0","1","-61.6","-69","-48"
"79","0","0","0","-69.2","-76","-64"
"80","0","0","0","-64.8","-71","-60"
"81","0","0","0","-67.8","-71","-65"
"82","0.4","0","1","-54","-68","-36"
"83","0","0","0","-67.4","-69","-67"
"84","0.2","0","1","-59.2","-67","-37"
"85","0.4","0","1","-64.2","-69","-58"
"86","0.2","0","1","-63.4","-68","-56"
"87","0","0","0","-65","-70","-56"
"88","0.2","0","1","-59.6","-70","-31"
"89","0.2","0","1","-57.6","-70","-20"
"90","0","0","0","-67.8","-71","-64"
"91","0.2","0","1","-63.6","-68","-58"
"92","0.2","0","1","-59.6","-70","-39"
"93","0.2","0","1","-59.8","-67","-36"
"94","0.2","0","1","-63","-65","-57"
"95","0","0","0","-64.4","-67","-63"
"96","0.2","0","1","-58","-71","-15"
"97","0.4","0","1","-60.2","-71","-51"
"98","0.2","0","1","-63.8","-70","-61"
"99","0","0","0","-64.8","-68","-60"
"100","0","0","0","-63.4","-68","-59"
"101","0","0","0","-65.6","-68","-63"
"102","0.2","0","1","-60.4","-65","-46"
"103","0.2","0","1","-63","-68","-47"
"104","0","0","0","-67.6","-70","-65"
"105","0","0","0","-65.2","-68","-63"
"106","0","0","0","-64.8","-69","-62"
"107","0.2","0","1","-64","-69","-58"
"108","0","0","0","-65","-66","-63"
"109","0","0","0","-68.2","-70","-67"
"110","0.4","0","1","-59.6","-68","-43"
"111","0.4","0","1","-55","-69","-26"
"112","0.2","0","1","-65.6","-69","-61"
"113","0","0","0","-66","-68","-63"
"114","0.4","0","1","-56.2","-72","-19"
"115","0.2","0","1","-67","-69","-63"
"116","0.2","0","1","-58.4","-66","-33"
"117","0.2","0","1","-57.6","-71","-28"
"118","0.2","0","1","-66.4","-71","-63"
"119","0.2","0","1","-60.8","-68","-39"
"120","0.2","0","1","-63.2","-69","-51"
"121","0.2","0","1","-58","-67","-35"
"122","0.2","0","1","-57.6","-70","-35"
"123","0","0","0","-64","-67","-62"
"124","0.2","0","1","-61.6","-66","-50"
"125","0.2","0","1","-63","-66","-59"
"126","0.4","0","1","-51.6","-67","-29"
"127","0.2","0","1","-60","-66","-39"
"128","0.2","0","1","-62.4","-66","-59"
"129","0.2","0","1","-63.2","-67","-56"
"130","0.2","0","1","-62.6","-67","-54"
"131","0.2","0","1","-64","-66","-62"
"132","0.2","0","1","-59.2","-69","-36"
"133","0.2","0","1","-58","-68","-27"
"134","0","0","0","-64.8","-67","-63"
"135","0.4","0","1","-56.8","-70","-35"
"136","0","0","0","-63.8","-66","-61"
"137","0.4","0","1","-53.8","-68","-28"
"138","0","0","0","-65.2","-69","-62"
"139","0.2","0","1","-62.2","-68","-47"
"140","0","0","0","-64.8","-70","-61"
"141","0","0","0","-65.4","-69","-61"
"142","0","0","0","-65.8","-70","-64"
"143","0.2","0","1","-56.2","-68","-23"
"144","0.2","0","1","-65.6","-68","-62"
"145","0.4","0","1","-54.6","-67","-17"
"146","0","0","0","-66.8","-68","-66"
"147","0.2","0","1","-65.2","-69","-60"
"148","0","0","0","-63.6","-67","-60"
"149","0.2","0","1","-62.6","-68","-45"
"150","0.2","0","1","-53.4","-69","-5"
"151","0","0","0","-65","-68","-64"
"152","0.2","0","1","-51.8","-64","-11"
"153","0.4","0","1","-53.4","-65","-37"
"154","0.2","0","1","-53.6","-69","-16"
"155","0.2","0","1","-57","-70","-28"
"156","0.2","0","1","-60.2","-67","-45"
"157","0.4","0","1","-56.2","-66","-35"
"158","0.4","0","1","-45","-68","-8"
"159","0.2","0","1","-59.4","-71","-21"
"160","0.2","0","1","-60","-68","-49"
"161","0.4","0","1","-61.6","-70","-53"
"162","0.2","0","1","-54.2","-68","-9"
"163","0.6","0","1","-50.6","-67","-33"
"164","0.2","0","1","-60","-68","-40"
"165","0.2","0","1","-62.2","-66","-57"
"166","0.2","0","1","-61.6","-66","-47"
"167","0.2","0","1","-62.2","-70","-39"
"168","0","0","0","-66.4","-68","-63"
"169","0.4","0","1","-57.6","-69","-29"
"170","0.2","0","1","-63.8","-66","-60"
"171","0.4","0","1","-58.2","-67","-45"
"172","0.2","0","1","-62.2","-69","-47"
"173","0","0","0","-66","-71","-57"
"174","0","0","0","-64","-66","-62"
"175","0.4","0","1","-55.4","-66","-32"
"176","0.2","0","1","-61.8","-69","-56"
"177","0.4","0","1","-55.8","-71","-31"
"178","0","0","0","-63","-67","-59"
"179","0","0","0","-63.8","-68","-57"
"180","0","0","0","-65.6","-68","-63"
"181","0.2","0","1","-60.2","-68","-40"
"182","0.2","0","1","-60","-68","-34"
"183","0.4","0","1","-54.4","-68","-18"
"184","0.2","0","1","-59.4","-67","-36"
"185","0","0","0","-65.4","-69","-60"
"186","0.2","0","1","-57.8","-68","-28"
"187","0.2","0","1","-63.8","-67","-61"
"188","0.2","0","1","-51.2","-66","-3"
"189","0.2","0","1","-55.8","-68","-20"
"190","0.4","0","1","-50.8","-67","-10"
"191","0.2","0","1","-61.4","-68","-46"
"192","0.4","0","1","-53.8","-63","-26"
"193","0.2","0","1","-62.8","-65","-57"
"194","0","0","0","-65.8","-70","-63"
"195","0.4","0","1","-49.6","-68","-17"
"196","0.4","0","1","-51.4","-69","-9"
"197","0.4","0","1","-58","-67","-46"
"198","0.2","0","1","-62.2","-69","-52"
"199","0.2","0","1","-55.2","-67","-19"
"200","0.4","0","1","-62.8","-66","-59"
"201","0.6","0","1","-53.6","-67","-38"
"202","0","0","0","-65","-71","-58"
"203","0.4","0","1","-55","-67","-34"
"204","0.4","0","1","-51.2","-69","-13"
"205","0.2","0","1","-58.6","-67","-38"
"206","0.2","0","1","-59.8","-69","-37"
"207","0.2","0","1","-59.6","-71","-27"
"208","0","0","0","-65.4","-70","-63"
"209","0.4","0","1","-55.8","-65","-39"
"210","0.2","0","1","-53.2","-67","-10"
"211","0.2","0","1","-62","-72","-47"
"212","0.4","0","1","-62.6","-71","-46"
"213","0.2","0","1","-58.8","-65","-44"
"214","0.4","0","1","-53.8","-68","-21"
"215","0.6","0","1","-55","-68","-43"
"216","0","0","0","-66.4","-71","-62"
"217","0.2","0","1","-59.8","-72","-37"
"218","0.4","0","1","-50.6","-67","-8"
"219","0.2","0","1","-62.8","-68","-59"
"220","0.2","0","1","-57.8","-71","-24"
"221","0.2","0","1","-54.6","-65","-19"
"222","0.2","0","1","-62.4","-70","-51"
"223","0.2","0","1","-60.2","-68","-41"
"224","0","0","0","-67","-68","-66"
"225","0.6","0","1","-57","-67","-40"
"226","0.4","0","1","-57.4","-68","-40"
"227","0.4","0","1","-59.8","-70","-48"
"228","0.8","0","1","-49.4","-68","-32"
"229","0","0","0","-65.6","-68","-63"
"230","0.8","0","1","-38.4","-65","-18"
"231","0.4","0","1","-60","-69","-51"
"232","0.2","0","1","-59.6","-66","-48"
"233","0.4","0","1","-53.6","-71","-11"
"234","0.2","0","1","-57.6","-67","-29"
"235","0.4","0","1","-44.2","-67","-10"
"236","0","0","0","-63.6","-68","-59"
"237","0.2","0","1","-54.8","-65","-19"
"238","0","0","0","-63.4","-66","-61"
"239","0","0","0","-65.6","-68","-63"
"240","0.4","0","1","-52","-70","-22"
"241","0.8","0","1","-42","-58","-27"
"242","0.4","0","1","-56.6","-68","-33"
"243","0.8","0","1","-39.6","-64","-19"
"244","0","0","0","-63.8","-67","-60"
"245","0.6","0","1","-50.8","-68","-33"
"246","0.2","0","1","-55.6","-65","-22"
"247","0.4","0","1","-51.8","-68","-27"
"248","0.4","0","1","-55.6","-65","-39"
"249","0.4","0","1","-54.4","-67","-28"
"250","0.4","0","1","-50.2","-65","-30"
"251","0.2","0","1","-60.4","-67","-39"
"252","0.4","0","1","-54.2","-67","-38"
"253","0.4","0","1","-49.8","-68","-28"
"254","0.4","0","1","-62.6","-65","-57"
"255","0","0","0","-62.8","-65","-60"
"256","0.6","0","1","-51.4","-69","-24"
"257","0.2","0","1","-61.8","-69","-46"
"258","0.4","0","1","-51.8","-65","-28"
"259","0.2","0","1","-61.6","-70","-45"
"260","0","0","0","-64.2","-68","-61"
"261","0.2","0","1","-57.2","-65","-29"
"262","0.4","0","1","-53.8","-71","-27"
"263","0.4","0","1","-50.8","-67","-20"
"264","0.6","0","1","-53.4","-66","-36"
"265","0.6","0","1","-40.6","-64","-6"
"266","0.8","0","1","-54.8","-69","-34"
"267","0.2","0","1","-62.2","-68","-47"
"268","0.4","0","1","-60.4","-68","-46"
"269","0.2","0","1","-59.8","-67","-36"
"270","0.4","0","1","-55","-66","-35"
"271","0.6","0","1","-56.8","-65","-43"
"272","0.2","0","1","-53","-65","-8"
"273","0.2","0","1","-61.6","-67","-50"
"274","0","0","0","-66.8","-70","-62"
"275","0.2","0","1","-57","-64","-32"
"276","0.4","0","1","-54","-69","-34"
"277","0.2","0","1","-55","-67","-13"
"278","0.2","0","1","-57.6","-68","-29"
"279","0.4","0","1","-59.6","-67","-47"
"280","0.2","0","1","-55.4","-69","-24"
"281","0.4","0","1","-55.6","-65","-27"
"282","0.4","0","1","-60.6","-66","-52"
"283","0.2","0","1","-60.4","-67","-46"
"284","0.2","0","1","-62.4","-71","-48"
"285","0.4","0","1","-57.2","-68","-41"
"286","0.4","0","1","-50.8","-69","-18"
"287","0.2","0","1","-57.6","-66","-35"
"288","0.4","0","1","-60.6","-67","-53"
"289","0.2","0","1","-57.6","-67","-28"
"290","0.4","0","1","-56.2","-67","-40"
"291","0.4","0","1","-44.2","-66","-3"
"292","0.4","0","1","-57.4","-67","-43"
"293","0.4","0","1","-53.2","-67","-16"
"294","0","0","0","-66.2","-71","-64"
"295","0.2","0","1","-58.4","-66","-38"
"296","0.4","0","1","-56.8","-69","-32"
"297","0.2","0","1","-60.4","-66","-50"
"298","0.6","0","1","-48.6","-66","-9"
"299","0.6","0","1","-50","-67","-15"
"300","0.6","0","1","-41.2","-66","-14"
"301","0.4","0","1","-60.6","-70","-45"
"302","0.6","0","1","-53.2","-69","-22"
"303","0.4","0","1","-52.4","-64","-15"
"304","0.2","0","1","-62","-67","-49"
"305","0.2","0","1","-55.6","-68","-20"
"306","0.6","0","1","-46.4","-69","-13"
"307","0.6","0","1","-53.4","-65","-39"
"308","0.2","0","1","-54.2","-67","-15"
"309","0.4","0","1","-56.8","-70","-39"
"310","0.2","0","1","-57.8","-66","-44"
"311","0.4","0","1","-52.4","-64","-24"
"312","0.4","0","1","-58","-69","-45"
"313","0.4","0","1","-50.8","-68","-26"
"314","0.8","0","1","-26","-63","-10"
"315","0.4","0","1","-53","-70","-26"
"316","0.2","0","1","-60.8","-69","-41"
"317","0","0","0","-64","-69","-61"
"318","0.4","0","1","-55.6","-70","-11"
"319","0.2","0","1","-58.4","-65","-33"
"320","0.2","0","1","-60.2","-67","-45"
"321","0.8","0","1","-45.4","-66","-26"
"322","0.6","0","1","-42.8","-69","-14"
"323","0.2","0","1","-62.2","-66","-53"
"324","0","0","0","-65.4","-68","-64"
"325","0.2","0","1","-61.2","-69","-43"
"326","0.4","0","1","-50","-68","-21"
"327","0.4","0","1","-61.8","-66","-55"
"328","0.6","0","1","-40.6","-68","-9"
"329","0.4","0","1","-54","-66","-23"
"330","0.2","0","1","-59.8","-66","-55"
"331","0.4","0","1","-52.8","-66","-25"
"332","0.2","0","1","-56","-68","-20"
"333","0.2","0","1","-62.2","-67","-52"
"334","0.4","0","1","-55","-68","-28"
"335","0.2","0","1","-60.6","-67","-49"
"336","0.6","0","1","-51","-68","-21"
"337","0.2","0","1","-55.8","-65","-23"
"338","0.4","0","1","-51.8","-65","-34"
"339","0.4","0","1","-57","-65","-44"
"340","0.4","0","1","-52","-66","-17"
"341","0.4","0","1","-53","-68","-10"
"342","0.4","0","1","-56.6","-70","-25"
"343","0.6","0","1","-41.2","-67","-8"
"344","0.4","0","1","-49.4","-65","-23"
"345","0.4","0","1","-53.4","-72","-30"
"346","0.6","0","1","-53.8","-66","-39"
"347","0.6","0","1","-51.2","-69","-20"
"348","0.2","0","1","-62.2","-67","-54"
"349","0.4","0","1","-60.2","-66","-43"
"350","0.6","0","1","-53.4","-66","-34"
"351","0","0","0","-64.4","-66","-61"
"352","0.2","0","1","-56.8","-66","-24"
"353","0.6","0","1","-43","-66","-13"
"354","0.4","0","1","-54.4","-68","-36"
"355","0.6","0","1","-55.2","-64","-41"
"356","0.6","0","1","-37.6","-68","-6"
"357","0.2","0","1","-57.8","-69","-22"
"358","0.4","0","1","-56.8","-67","-45"
"359","0.4","0","1","-55.2","-66","-16"
"360","0.2","0","1","-54.4","-65","-16"
"361","0.6","0","1","-56.6","-64","-43"
"362","0.6","0","1","-53.4","-67","-37"
"363","0.4","0","1","-46","-66","-16"
"364","0.4","0","1","-57.8","-64","-46"
"365","0.4","0","1","-54.2","-68","-20"
"366","0.4","0","1","-47","-67","-5"
"367","0.6","0","1","-54","-68","-42"
"368","0.6","0","1","-48.4","-71","-12"
"369","0.2","0","1","-63.4","-69","-54"
"370","0.2","0","1","-64.8","-67","-62"
"371","0.8","0","1","-45.2","-68","-20"
"372","0.6","0","1","-51.8","-67","-18"
"373","0.6","0","1","-44.2","-65","-14"
"374","0.2","0","1","-62.6","-67","-52"
"375","0.4","0","1","-59.8","-65","-52"
"376","0.6","0","1","-41.2","-68","-7"
"377","0.4","0","1","-59.2","-70","-35"
"378","0.6","0","1","-46.6","-62","-7"
"379","0.2","0","1","-59.6","-71","-23"
"380","1","1","1","-39.6","-53","-21"
"381","0.6","0","1","-47.8","-61","-21"
"382","0.4","0","1","-47.6","-66","-6"
"383","0.4","0","1","-54.4","-67","-22"
"384","0.4","0","1","-54","-67","-18"
"385","0.4","0","1","-55.4","-69","-30"
"386","0.2","0","1","-63","-68","-60"
"387","0.2","0","1","-51.6","-68","-11"
"388","0.6","0","1","-45.4","-68","-14"
"389","0.6","0","1","-50.2","-66","-35"
"390","0.8","0","1","-41.6","-69","-2"
"391","0.6","0","1","-54","-63","-42"
"392","0.4","0","1","-43.4","-65","-5"
"393","0.4","0","1","-51","-69","-20"
"394","0.6","0","1","-45.4","-66","-6"
"395","0.6","0","1","-35","-65","-4"
"396","0.4","0","1","-43.2","-66","-9"
"397","0.6","0","1","-43.6","-69","-8"
"398","0.4","0","1","-55.8","-68","-35"
"399","0.8","0","1","-46","-67","-20"
"400","0","0","0","-63.8","-68","-61"
"401","0.4","0","1","-55.6","-67","-22"
"402","0.4","0","1","-60.6","-66","-49"
"403","0.6","0","1","-49.4","-67","-27"
"404","0.4","0","1","-55.2","-67","-37"
"405","0.6","0","1","-46.8","-67","-23"
"406","0.6","0","1","-58.8","-65","-50"
"407","0.6","0","1","-45.8","-64","-27"
"408","0.8","0","1","-48.2","-70","-16"
"409","0.4","0","1","-48","-71","-11"
"410","0.4","0","1","-47.6","-67","-17"
"411","0.6","0","1","-42","-65","0"
"412","0.6","0","1","-39.6","-64","-9"
"413","0.6","0","1","-53","-68","-41"
"414","0","0","0","-64","-66","-62"
"415","0.8","0","1","-38.6","-64","-6"
"416","0.2","0","1","-55.2","-67","-14"
"417","0.6","0","1","-45","-68","-3"
"418","0.4","0","1","-55","-64","-26"
"419","0.8","0","1","-37.8","-68","-15"
"420","0.6","0","1","-46","-69","-23"
"421","0.6","0","1","-53.6","-64","-39"
"422","0.6","0","1","-48.6","-70","-14"
"423","0.4","0","1","-55.2","-68","-33"
"424","0.6","0","1","-51.2","-69","-31"
"425","0.8","0","1","-39","-63","-10"
"426","1","1","1","-25.8","-45","-2"
"427","0.2","0","1","-59","-67","-35"
"428","0.6","0","1","-49.4","-65","-16"
"429","0.6","0","1","-47.8","-67","-27"
"430","0.8","0","1","-36.2","-62","-16"
"431","0.6","0","1","-53","-68","-29"
"432","0.8","0","1","-42.4","-68","-15"
"433","0.6","0","1","-59","-64","-54"
"434","0.4","0","1","-58.4","-67","-43"
"435","0.8","0","1","-43.6","-65","-25"
"436","0.6","0","1","-53.4","-65","-29"
"437","0.4","0","1","-45","-70","-8"
"438","0.6","0","1","-53","-67","-35"
"439","0.4","0","1","-50.6","-63","-32"
"440","1","1","1","-47.2","-55","-43"
"441","0.4","0","1","-48","-66","-6"
"442","0.4","0","1","-50.4","-68","-16"
"443","0.4","0","1","-57.8","-65","-35"
"444","0.6","0","1","-49.6","-66","-24"
"445","0.2","0","1","-56.8","-64","-41"
"446","0.6","0","1","-45.2","-70","-25"
"447","0.8","0","1","-48.2","-66","-33"
"448","0.6","0","1","-48","-67","-21"
"449","0.8","0","1","-47.8","-63","-30"
"450","0.6","0","1","-36","-70","-10"
"451","0.6","0","1","-45.6","-70","-8"
"452","0.4","0","1","-56.4","-63","-41"
"453","0.6","0","1","-40.6","-65","-16"
"454","0.6","0","1","-42","-64","-17"
"455","0.6","0","1","-45","-63","-18"
"456","0.6","0","1","-46.6","-65","-18"
"457","0.8","0","1","-47.4","-64","-31"
"458","0.2","0","1","-56","-67","-23"
"459","0.8","0","1","-38.4","-62","-16"
"460","0.6","0","1","-39.6","-65","-14"
"461","0.8","0","1","-49.8","-65","-33"
"462","0.8","0","1","-41.6","-62","-7"
"463","0.6","0","1","-39.2","-66","-9"
"464","0.4","0","1","-45","-69","-11"
"465","0.2","0","1","-58.2","-69","-28"
"466","0.8","0","1","-47","-66","-39"
"467","0.8","0","1","-54.8","-68","-34"
"468","0.6","0","1","-55","-66","-34"
"469","0.8","0","1","-49.4","-67","-32"
"470","0.2","0","1","-56.8","-68","-23"
"471","0.4","0","1","-55.6","-66","-25"
"472","1","1","1","-41","-52","-19"
"473","0.4","0","1","-54","-70","-19"
"474","0.4","0","1","-50.4","-65","-15"
"475","0.4","0","1","-61.2","-65","-56"
"476","0.6","0","1","-47.6","-65","-11"
"477","0.4","0","1","-42.6","-67","-5"
"478","0.8","0","1","-40.2","-67","-13"
"479","0.8","0","1","-44","-59","-28"
"480","0.8","0","1","-43.8","-67","-21"
"481","1","1","1","-39.4","-61","-19"
"482","0.6","0","1","-46","-66","-17"
"483","0.4","0","1","-61.6","-67","-53"
"484","0.6","0","1","-47.6","-67","-13"
"485","0.8","0","1","-53.4","-65","-37"
"486","0.4","0","1","-57.2","-65","-47"
"487","0.2","0","1","-57.2","-66","-31"
"488","0.6","0","1","-44","-64","-12"
"489","0.8","0","1","-38","-64","-15"
"490","0.8","0","1","-45.4","-69","-13"
"491","0.8","0","1","-42.2","-65","-23"
"492","0.6","0","1","-46.6","-68","-17"
"493","0.6","0","1","-46.6","-69","0"
"494","0.4","0","1","-59.6","-68","-48"
"495","0.4","0","1","-51.4","-71","-5"
"496","0.8","0","1","-32.6","-70","-12"
"497","0.6","0","1","-53.6","-68","-36"
"498","0.6","0","1","-50","-64","-25"
"499","0.6","0","1","-50.4","-67","-7"
"500","0.4","0","1","-51.4","-67","-20"
"501","0.8","0","1","-33.4","-67","-22"
"502","0.6","0","1","-42.2","-64","-11"
"503","1","1","1","-36.8","-58","-9"
"504","0.4","0","1","-52.6","-66","-18"
"505","0.6","0","1","-51.2","-64","-40"
"506","0.8","0","1","-47.8","-66","-17"
"507","0.2","0","1","-56.6","-69","-18"
"508","0.8","0","1","-50","-70","-2"
"509","0.6","0","1","-37.8","-68","-9"
"510","0.8","0","1","-46.4","-64","-26"
"511","0.4","0","1","-49.2","-63","-19"
"512","1","1","1","-29","-43","-13"
"513","0.4","0","1","-49.6","-68","-17"
"514","1","1","1","-39.8","-62","-21"
"515","0.8","0","1","-33.6","-65","-11"
"516","0.6","0","1","-45","-69","-16"
"517","0.6","0","1","-44","-65","-14"
"518","0.6","0","1","-55.4","-66","-37"
"519","0.6","0","1","-42.4","-67","-5"
"520","0.6","0","1","-47.6","-67","-24"
"521","0.2","0","1","-57","-70","-25"
"522","0.4","0","1","-48","-67","-12"
"523","0.4","0","1","-48.6","-70","-11"
"524","0.2","0","1","-56","-67","-25"
"525","0.4","0","1","-48.8","-67","-11"
"526","0.6","0","1","-50","-66","-16"
"527","0.6","0","1","-47.2","-65","-8"
"528","0.4","0","1","-51.6","-64","-18"
"529","0.4","0","1","-55.8","-69","-28"
"530","0.6","0","1","-42","-67","-14"
"531","0.8","0","1","-38.4","-62","-8"
"532","0.4","0","1","-46.6","-67","-8"
"533","1","1","1","-28.8","-61","-9"
"534","1","1","1","-41.8","-63","-19"
"535","0.8","0","1","-33.2","-65","-16"
"536","0.8","0","1","-32.6","-60","-6"
"537","0.4","0","1","-46","-66","-17"
"538","0.6","0","1","-40.6","-65","-5"
"539","0.6","0","1","-60","-66","-54"
"540","1","1","1","-40.8","-64","-21"
"541","0.8","0","1","-46.8","-57","-33"
"542","0.4","0","1","-51.4","-68","-17"
"543","1","1","1","-35.8","-54","-13"
"544","0.6","0","1","-41.4","-70","-8"
"545","0.8","0","1","-43.6","-69","-25"
"546","0.6","0","1","-48.4","-64","-26"
"547","0.8","0","1","-52.4","-64","-45"
"548","0.2","0","1","-58.8","-65","-38"
"549","0.6","0","1","-57.6","-64","-38"
"550","0.8","0","1","-45","-65","-28"
"551","0.6","0","1","-42.2","-65","-7"
"552","0.8","0","1","-44.4","-65","-4"
"553","0.8","0","1","-45.8","-61","-38"
"554","0.4","0","1","-62.2","-70","-55"
"555","0.8","0","1","-35.4","-64","-9"
"556","0.6","0","1","-41.8","-64","-15"
"557","0.8","0","1","-35.2","-67","-16"
"558","0.6","0","1","-50.2","-68","-22"
"559","1","1","1","-28.4","-42","-17"
"560","0.8","0","1","-37.4","-66","-18"
"561","0.8","0","1","-41","-69","-16"
"562","0.6","0","1","-51.6","-67","-13"
"563","1","1","1","-40.6","-54","-17"
"564","0.6","0","1","-46.4","-66","-10"
"565","0.8","0","1","-39.4","-66","-8"
"566","0.6","0","1","-42","-65","-7"
"567","1","1","1","-24.2","-39","-7"
"568","0.8","0","1","-44.8","-69","-4"
"569","0.8","0","1","-42.4","-65","-12"
"570","0.8","0","1","-38.2","-60","-20"
"571","0.8","0","1","-44.2","-69","-11"
"572","0.4","0","1","-56.2","-73","-20"
"573","0.6","0","1","-42.8","-63","-3"
"574","0.8","0","1","-43.8","-67","-8"
"575","0.8","0","1","-41.4","-63","-7"
"576","0.6","0","1","-51.2","-70","-28"
"577","0.8","0","1","-42.6","-63","-17"
"578","0.4","0","1","-48.6","-67","-8"
"579","1","1","1","-27.8","-43","-11"
"580","1","1","1","-31.8","-55","-13"
"581","1","1","1","-35.2","-61","-14"
"582","0.8","0","1","-30.6","-62","-15"
"583","1","1","1","-33.6","-59","-13"
"584","0.8","0","1","-37.4","-64","-5"
"585","0.6","0","1","-44.4","-68","-13"
"586","0.8","0","1","-47.2","-68","-33"
"587","0.8","0","1","-35","-70","-16"
"588","0.6","0","1","-51.4","-65","-18"
"589","0.6","0","1","-50","-66","-1"
"590","1","1","1","-27.4","-54","-4"
"591","0.8","0","1","-47.2","-65","-36"
"592","0.2","0","1","-52","-68","-1"
"593","0.8","0","1","-44","-66","-10"
"594","0.4","0","1","-60.8","-65","-56"
"595","0.8","0","1","-33.8","-65","-19"
"596","0.8","0","1","-37.8","-69","-20"
"597","0.8","0","1","-45.8","-64","-23"
"598","0.4","0","1","-57.6","-68","-28"
"599","0.6","0","1","-42.4","-66","-15"
"600","0.8","0","1","-45.8","-66","-23"
"601","0.8","0","1","-41.6","-66","-9"
"602","0.8","0","1","-33.8","-65","-15"
"603","0.6","0","1","-38.6","-67","-2"
"604","0.8","0","1","-32","-65","-14"
"605","0.6","0","1","-45","-67","-15"
"606","1","1","1","-27.2","-51","-4"
"607","0.6","0","1","-43","-67","-6"
"608","0.8","0","1","-47.4","-69","-8"
"609","1","1","1","-39.4","-63","-7"
"610","1","1","1","-22.2","-39","-14"
"611","1","1","1","-27.8","-36","-18"
"612","0.6","0","1","-45.8","-69","-9"
"613","0.6","0","1","-44.4","-63","-8"
"614","1","1","1","-26.8","-34","-9"
"615","0.8","0","1","-40.6","-68","-10"
"616","0.4","0","1","-57.2","-65","-36"
"617","0.6","0","1","-52.4","-68","-34"
"618","0.8","0","1","-29.2","-67","-8"
"619","0.6","0","1","-40.6","-68","-16"
"620","1","1","1","-26","-48","-3"
"621","0.8","0","1","-33.8","-64","0"
"622","0.4","0","1","-48.4","-66","-20"
"623","0.8","0","1","-42.6","-67","-27"
"624","0.8","0","1","-45.2","-62","-34"
"625","0.8","0","1","-31","-63","-13"
"626","1","1","1","-32.2","-59","-5"
"627","0.8","0","1","-44.4","-65","-13"
"628","1","1","1","-34.8","-52","-13"
"629","0.4","0","1","-55.6","-66","-21"
"630","0.8","0","1","-39.4","-66","-13"
"631","1","1","1","-28.8","-47","0"
"632","0.8","0","1","-41","-68","-9"
"633","0.6","0","1","-43.4","-61","-19"
"634","0.6","0","1","-41.6","-67","-20"
"635","0.8","0","1","-36.2","-67","-12"
"636","1","1","1","-37","-60","-20"
"637","0.8","0","1","-40.4","-66","-3"
"638","0.2","0","1","-61.6","-68","-46"
"639","0.6","0","1","-53.2","-65","-25"
"640","0.8","0","1","-32","-63","-3"
"641","0.6","0","1","-33.2","-67","-5"
"642","0.8","0","1","-37.2","-69","-9"
"643","1","1","1","-25.8","-38","-18"
"644","0.6","0","1","-49.4","-68","-9"
"645","0.6","0","1","-41.2","-67","-8"
"646","0.8","0","1","-42.4","-64","-10"
"647","1","1","1","-29.2","-60","-6"
"648","1","1","1","-37.8","-56","-10"
"649","0.8","0","1","-52.6","-62","-35"
"650","0.8","0","1","-44.8","-62","-28"
"651","0.4","0","1","-62.6","-67","-52"
"652","0.8","0","1","-27.4","-65","-7"
"653","0.6","0","1","-36.8","-64","-16"
"654","0.8","0","1","-44.6","-60","-10"
"655","0.8","0","1","-29.4","-64","-3"
"656","1","1","1","-27.6","-57","-1"
"657","0.6","0","1","-37.6","-67","-10"
"658","0.8","0","1","-37.6","-65","-18"
"659","0.8","0","1","-35.6","-67","-3"
"660","0.8","0","1","-27.2","-64","-4"
"661","1","1","1","-29.2","-61","-4"
"662","1","1","1","-21.4","-45","-6"
"663","0.8","0","1","-38.4","-69","-2"
"664","1","1","1","-17.8","-40","-7"
"665","0.4","0","1","-44.2","-69","-3"
"666","0.6","0","1","-44.6","-66","-5"
"667","0.6","0","1","-54.2","-70","-29"
"668","0.8","0","1","-46.2","-66","-25"
"669","0.8","0","1","-45.2","-62","-10"
"670","0.6","0","1","-38.8","-66","-4"
"671","0.6","0","1","-55.8","-67","-44"
"672","0.8","0","1","-49.6","-63","-26"
"673","0.6","0","1","-51.2","-68","-33"
"674","0.8","0","1","-44.2","-68","-6"
"675","0.8","0","1","-41.6","-64","-13"
"676","0.4","0","1","-45.8","-66","-6"
"677","1","1","1","-27.6","-44","-7"
"678","0.8","0","1","-37.4","-65","-15"
"679","1","1","1","-35.4","-58","-2"
"680","1","1","1","-41.6","-58","-16"
"681","0.8","0","1","-34.4","-65","-1"
"682","0.8","0","1","-45.6","-64","-32"
"683","1","1","1","-25.8","-34","-9"
"684","0.8","0","1","-47.2","-67","-29"
"685","0.6","0","1","-45.8","-70","-30"
"686","0.6","0","1","-45.2","-67","-22"
"687","1","1","1","-30.6","-55","-9"
"688","0.6","0","1","-30.4","-64","-1"
"689","0.8","0","1","-32","-63","-15"
"690","0.8","0","1","-42.8","-63","-14"
"691","1","1","1","-31.8","-54","-11"
"692","0.8","0","1","-40.6","-64","-17"
"693","0.8","0","1","-42.4","-63","-25"
"694","0.8","0","1","-32.6","-58","-8"
"695","0.8","0","1","-38","-67","-16"
"696","0.8","0","1","-30","-65","-2"
"697","0.6","0","1","-45.8","-65","-21"
"698","1","1","1","-49","-58","-35"
"699","0.8","0","1","-32.2","-64","-8"
"700","0.2","0","1","-56.2","-71","-13"
"701","0.8","0","1","-36","-62","-4"
"702","0.8","0","1","-43","-66","-15"
"703","0.8","0","1","-42.2","-68","-27"
"704","1","1","1","-30.2","-60","-4"
"705","0.8","0","1","-41.6","-66","-11"
"706","0.8","0","1","-42.4","-62","-4"
"707","1","1","1","-39.6","-60","-6"
"708","0.8","0","1","-31.8","-64","-12"
"709","0.8","0","1","-34","-61","-17"
"710","0.8","0","1","-38","-65","-9"
"711","0.8","0","1","-43.2","-65","-19"
"712","0.6","0","1","-42.8","-64","-7"
"713","0.8","0","1","-28.6","-65","-12"
"714","1","1","1","-29.4","-63","-3"
"715","0.6","0","1","-43.4","-64","-18"
"716","1","1","1","-20.6","-41","-3"
"717","0.6","0","1","-44.2","-65","-22"
"718","0.8","0","1","-29.8","-62","-8"
"719","0.8","0","1","-51.2","-63","-34"
"720","1","1","1","-28.8","-57","-3"
"721","0.8","0","1","-29.2","-66","-5"
"722","1","1","1","-25.6","-48","-3"
"723","1","1","1","-28","-51","-6"
"724","0.8","0","1","-31.6","-64","0"
"725","0.6","0","1","-51","-67","-27"
"726","0.8","0","1","-40.2","-64","-16"
"727","0.8","0","1","-25.6","-67","-9"
"728","0.8","0","1","-42","-67","-13"
"729","1","1","1","-26.6","-34","-18"
"730","1","1","1","-13.8","-29","-1"
"731","0.8","0","1","-37.2","-65","-7"
"732","1","1","1","-30.4","-49","-7"
"733","1","1","1","-33.8","-42","-10"
"734","0.8","0","1","-46.2","-66","-14"
"735","0.8","0","1","-32.4","-64","-4"
"736","1","1","1","-43.2","-60","-14"
"737","0.8","0","1","-36.6","-67","-19"
"738","0.6","0","1","-40.2","-66","-6"
"739","1","1","1","-24.4","-37","-9"
"740","1","1","1","-36.4","-59","-17"
"741","1","1","1","-22.8","-42","-9"
"742","0.6","0","1","-32.2","-65","-6"
"743","0.8","0","1","-33.2","-65","-10"
"744","0.8","0","1","-50.4","-68","-10"
"745","1","1","1","-27","-51","-3"
"746","0.8","0","1","-37.4","-64","-16"
"747","0.8","0","1","-51.2","-64","-34"
"748","0.6","0","1","-45","-66","-16"
"749","1","1","1","-12.6","-27","0"
"750","0.6","0","1","-44.6","-65","-22"
"751","0.8","0","1","-44.2","-65","-23"
"752","1","1","1","-42.4","-59","-13"
"753","0.8","0","1","-53.4","-64","-40"
"754","1","1","1","-16.2","-28","-2"
"755","1","1","1","-30.4","-52","-8"
"756","1","1","1","-26.8","-39","-19"
"757","0.8","0","1","-23.8","-62","-2"
"758","1","1","1","-27.6","-51","-5"
"759","0.8","0","1","-34","-65","-3"
"760","1","1","1","-29.2","-51","-1"
"761","0.8","0","1","-35.2","-65","-8"
"762","1","1","1","-50.8","-66","-34"
"763","1","1","1","-20.4","-40","-9"
"764","0.8","0","1","-35.6","-66","-6"
"765","0.8","0","1","-44","-68","-21"
"766","1","1","1","-22.8","-57","-9"
"767","1","1","1","-42.6","-61","-17"
"768","0.8","0","1","-38.6","-61","-18"
"769","0.6","0","1","-45.6","-67","-27"
"770","0.6","0","1","-34","-65","-1"
"771","0.8","0","1","-35.6","-63","-10"
"772","1","1","1","-37.2","-62","-6"
"773","0.6","0","1","-38.4","-68","-6"
"774","0.4","0","1","-50","-70","-12"
"775","1","1","1","-23.4","-34","-3"
"776","1","1","1","-13.4","-31","-1"
"777","1","1","1","-25.4","-38","-5"
"778","0.8","0","1","-45.4","-64","-16"
"779","0.8","0","1","-35.4","-64","-6"
"780","1","1","1","-27","-46","0"
"781","1","1","1","-34","-45","-19"
"782","0.8","0","1","-37.8","-68","-3"
"783","1","1","1","-31.2","-55","-19"
"784","1","1","1","-40.6","-58","-9"
"785","1","1","1","-30.6","-52","-13"
"786","1","1","1","-20.4","-39","-4"
"787","1","1","1","-46.6","-60","-23"
"788","0.6","0","1","-35.8","-64","-8"
"789","0.8","0","1","-37.2","-65","-11"
"790","0.8","0","1","-32","-64","-3"
"791","0.6","0","1","-42.8","-67","-11"
"792","0.4","0","1","-47.2","-68","-2"
"793","0.6","0","1","-43.6","-67","-13"
"794","1","1","1","-34.8","-54","-15"
"795","1","1","1","-20.6","-52","-5"
"796","0.6","0","1","-42.8","-64","-1"
"797","0.6","0","1","-50","-66","-19"
"798","0.6","0","1","-47","-66","-18"
"799","1","1","1","-30.8","-55","-8"
"800","0.8","0","1","-45","-58","-30"
"801","1","1","1","-31","-55","-12"
"802","0.8","0","1","-38.4","-69","0"
"803","0.8","0","1","-37.8","-62","-1"
"804","1","1","1","-35.4","-52","-8"
"805","1","1","1","-24.2","-41","-7"
"806","1","1","1","-12.2","-19","-7"
"807","0.6","0","1","-32","-70","-5"
"808","0.8","0","1","-21.8","-63","-1"
"809","1","1","1","-39.6","-51","-5"
"810","1","1","1","-23","-37","-4"
"811","0.8","0","1","-43.2","-67","-33"
"812","0.6","0","1","-47.6","-65","-2"
"813","1","1","1","-19.8","-32","-3"
"814","1","1","1","-32","-50","-8"
"815","1","1","1","-29.6","-55","-7"
"816","0.6","0","1","-42.2","-66","-10"
"817","0.6","0","1","-48.4","-63","-20"
"818","1","1","1","-26.8","-60","-7"
"819","1","1","1","-33.6","-54","-20"
"820","1","1","1","-34","-56","-18"
"821","1","1","1","-28.6","-58","-12"
"822","0.8","0","1","-36.4","-62","-15"
"823","1","1","1","-24","-50","-7"
"824","1","1","1","-23","-58","-3"
"825","0.6","0","1","-36.2","-62","-12"
"826","0.6","0","1","-44.2","-65","-7"
"827","0.6","0","1","-34.2","-69","0"
"828","1","1","1","-34.4","-53","-2"
"829","0.8","0","1","-40.4","-68","-2"
"830","0.8","0","1","-42.6","-68","-22"
"831","1","1","1","-16.6","-29","-5"
"832","1","1","1","-33.2","-46","-13"
"833","1","1","1","-28.6","-59","-12"
"834","0.6","0","1","-33.8","-68","-1"
"835","1","1","1","-26.4","-42","0"
"836","1","1","1","-21.2","-38","-2"
"837","0.8","0","1","-37.8","-67","-7"
"838","0.8","0","1","-45.8","-67","-9"
"839","0.8","0","1","-40.2","-62","-3"
"840","1","1","1","-27.4","-62","-8"
"841","0.8","0","1","-35","-70","0"
"842","0.8","0","1","-31.8","-64","-11"
"843","0.8","0","1","-38","-66","-10"
"844","0.8","0","1","-26.2","-65","-2"
"845","1","1","1","-25.4","-51","-5"
"846","0.8","0","1","-37.8","-65","-12"
"847","0.8","0","1","-26.4","-65","-5"
"848","1","1","1","-48.4","-58","-40"
"849","1","1","1","-19.2","-48","-2"
"850","1","1","1","-11.4","-31","-3"
"851","1","1","1","-22.4","-45","0"
"852","0.8","0","1","-35","-61","-3"
"853","1","1","1","-21.4","-48","-5"
"854","0.8","0","1","-28.2","-69","0"
"855","1","1","1","-36","-59","-16"
"856","1","1","1","-29.2","-54","-2"
"857","1","1","1","-32.6","-51","-10"
"858","1","1","1","-20.2","-35","-4"
"859","1","1","1","-24.4","-40","-6"
"860","1","1","1","-24.8","-66","-1"
"861","1","1","1","-24.8","-47","-2"
"862","0.8","0","1","-22.6","-61","-5"
"863","0.8","0","1","-29.4","-67","-7"
"864","1","1","1","-35.6","-46","-21"
"865","1","1","1","-25","-56","-6"
"866","1","1","1","-21.8","-31","-16"
"867","1","1","1","-35","-46","-30"
"868","1","1","1","-31.4","-55","-10"
"869","0.6","0","1","-41.8","-69","-8"
"870","1","1","1","-24.6","-60","-5"
"871","1","1","1","-24.6","-36","-5"
"872","1","1","1","-23.2","-41","-1"
"873","0.8","0","1","-32.6","-68","-9"
"874","0.8","0","1","-29.2","-67","-15"
"875","1","1","1","-41.4","-58","-33"
"876","0.8","0","1","-37.2","-70","-17"
"877","1","1","1","-24.8","-56","-2"
"878","1","1","1","-17.8","-39","-4"
"879","0.8","0","1","-34.8","-68","-9"
"880","1","1","1","-13.4","-25","-6"
"881","1","1","1","-34.4","-55","-17"
"882","1","1","1","-29","-52","-17"
"883","1","1","1","-22.2","-46","0"
"884","1","1","1","-30.6","-59","-1"
"885","1","1","1","-26.2","-58","-2"
"886","1","1","1","-31.6","-59","-10"
"887","0.8","0","1","-27.6","-64","0"
"888","1","1","1","-25","-48","0"
"889","1","1","1","-11.6","-33","-5"
"890","1","1","1","-28","-48","-7"
"891","0.8","0","1","-34.4","-67","0"
"892","0.6","0","1","-35.8","-70","-7"
"893","0.8","0","1","-35.4","-62","-10"
"894","1","1","1","-18.8","-40","-2"
"895","0.8","0","1","-39","-65","-19"
"896","1","1","1","-28","-59","-3"
"897","1","1","1","-28","-52","-9"
"898","0.8","0","1","-24.8","-69","0"
"899","0.8","0","1","-34.2","-66","-14"
"900","1","1","1","-15.2","-54","-2"
"901","0.8","0","1","-38.4","-63","-11"
"902","1","1","1","-27","-49","0"
"903","0.8","0","1","-34","-67","-7"
"904","1","1","1","-24.4","-47","0"
"905","1","1","1","-35.8","-61","-11"
"906","1","1","1","-25.6","-52","-1"
"907","1","1","1","-27.8","-43","-10"
"908","0.8","0","1","-32.2","-66","-1"
"909","1","1","1","-25.4","-42","-2"
"910","0.8","0","1","-30.2","-68","-3"
"911","0.6","0","1","-49.8","-68","-30"
"912","1","1","1","-23.8","-46","-1"
"913","1","1","1","-27.4","-65","-5"
"914","0.8","0","1","-48.4","-65","-29"
"915","1","1","1","-25.4","-39","-13"
"916","1","1","1","-25.4","-48","-6"
"917","1","1","1","-19","-25","-11"
"918","1","1","1","-25.6","-48","-12"
"919","1","1","1","-31.6","-63","-20"
"920","0.8","0","1","-43","-64","-3"
"921","0.8","0","1","-50.6","-63","-33"
"922","1","1","1","-30.2","-53","-4"
"923","1","1","1","-16.4","-31","-3"
"924","0.8","0","1","-31","-68","-9"
"925","1","1","1","-31","-58","-10"
"926","0.8","0","1","-24","-59","-3"
"927","1","1","1","-28","-39","-9"
"928","0.8","0","1","-25","-67","-1"
"929","0.8","0","1","-30.8","-65","-5"
"930","0.8","0","1","-36.2","-67","-1"
"931","0.8","0","1","-44.4","-68","-30"
"932","0.8","0","1","-22.6","-64","-9"
"933","1","1","1","-15.8","-30","-3"
"934","1","1","1","-36.2","-52","-26"
"935","0.8","0","1","-30.8","-68","-3"
"936","0.8","0","1","-28.2","-67","-9"
"937","1","1","1","-19.8","-42","-3"
"938","1","1","1","-14","-34","-5"
"939","0.8","0","1","-30","-64","-4"
"940","1","1","1","-13.8","-30","-2"
"941","1","1","1","-23.4","-50","-3"
"942","1","1","1","-26.8","-55","-8"
"943","1","1","1","-24.8","-51","-3"
"944","1","1","1","-16.8","-40","-6"
"945","1","1","1","-26.8","-43","-12"
"946","1","1","1","-24.8","-49","0"
"947","1","1","1","-25.4","-41","-1"
"948","1","1","1","-25.4","-48","-2"
"949","1","1","1","-32.8","-48","-12"
"950","1","1","1","-27","-43","-4"
"951","0.8","0","1","-38.8","-66","-12"
"952","1","1","1","-16.4","-41","-4"
"953","0.8","0","1","-21.8","-60","-1"
"954","1","1","1","-35.4","-57","-15"
"955","0.8","0","1","-28","-65","-4"
"956","0.8","0","1","-40.2","-68","-6"
"957","1","1","1","-33.2","-64","-3"
"958","1","1","1","-23.6","-40","0"
"959","1","1","1","-15.2","-25","0"
"960","1","1","1","-14.4","-40","0"
"961","1","1","1","-35.6","-55","-20"
"962","1","1","1","-36","-57","-11"
"963","1","1","1","-25.2","-57","-7"
"964","1","1","1","-19.4","-39","0"
"965","1","1","1","-25.2","-49","-13"
"966","1","1","1","-19.2","-52","-5"
"967","0.8","0","1","-44.2","-66","-26"
"968","0.8","0","1","-28","-66","-2"
"969","0.8","0","1","-31.6","-60","-12"
"970","1","1","1","-41.6","-61","-27"
"971","1","1","1","-18.8","-44","-1"
"972","1","1","1","-24","-45","0"
"973","1","1","1","-24.2","-62","-3"
"974","1","1","1","-34.2","-61","-4"
"975","1","1","1","-17.6","-44","-3"
"976","1","1","1","-23.8","-60","-6"
"977","1","1","1","-21.6","-40","-6"
"978","1","1","1","-37","-57","-8"
"979","0.8","0","1","-34.4","-65","-4"
"980","1","1","1","-8.4","-29","0"
"981","1","1","1","-24.2","-45","-3"
"982","1","1","1","-15.6","-36","-2"
"983","1","1","1","-18.4","-34","0"
"984","1","1","1","-23","-38","-8"
"985","1","1","1","-14.8","-28","-9"
"986","1","1","1","-18.2","-44","0"
"987","1","1","1","-16.6","-31","-10"
"988","1","1","1","-21.8","-48","-2"
"989","1","1","1","-26.8","-48","-6"
"990","0.8","0","1","-22.6","-65","-4"
"991","1","1","1","-42.4","-60","-11"
"992","1","1","1","-12.4","-45","0"
"993","1","1","1","-35.2","-47","-14"
"994","0.8","0","1","-26.4","-65","-9"
"995","1","1","1","-26.2","-52","-4"
"996","1","1","1","-24.8","-52","-7"
"997","1","1","1","-24.2","-60","-2"
"998","0.8","0","1","-35.2","-62","-13"
"999","0.8","0","1","-33.8","-68","-14"
"1000","1","1","1","-22.6","-49","-3"
"1001","1","1","1","-12","-16","-7"
"1002","1","1","1","-29.4","-39","-21"
"1003","1","1","1","-20.2","-38","-11"
"1004","0.8","0","1","-28.2","-60","-11"
"1005","1","1","1","-28.4","-47","-17"
"1006","1","1","1","-26.8","-48","-3"
"1007","1","1","1","-32.6","-51","-3"
"1008","1","1","1","-35.2","-58","-18"
"1009","1","1","1","-18.2","-33","-11"
"1010","0.8","0","1","-30.2","-65","-1"
"1011","1","1","1","-33.6","-61","-5"
"1012","1","1","1","-20.8","-35","-11"
"1013","1","1","1","-16","-35","-1"
"1014","1","1","1","-28.6","-58","-7"
"1015","1","1","1","-13","-36","0"
"1016","1","1","1","-26.6","-43","-11"
"1017","0.6","0","1","-37.6","-65","-11"
"1018","1","1","1","-27.8","-52","-13"
"1019","0.8","0","1","-48.4","-68","-17"
"1020","1","1","1","-24","-55","-6"
"1021","1","1","1","-22.6","-57","-3"
"1022","1","1","1","-27.2","-47","-2"
"1023","1","1","1","-17.2","-45","-3"
"1024","1","1","1","-31","-50","-12"
"1025","1","1","1","-19.4","-30","0"
"1026","1","1","1","-25","-37","-5"
"1027","1","1","1","-12.2","-31","-2"
"1028","1","1","1","-23.4","-41","0"
"1029","0.8","0","1","-25","-69","-3"
"1030","1","1","1","-18.2","-44","0"
"1031","1","1","1","-30","-47","-14"
"1032","0.8","0","1","-25.4","-62","-6"
"1033","1","1","1","-32.8","-54","-12"
"1034","1","1","1","-33.2","-41","-22"
"1035","0.8","0","1","-27.6","-63","-6"
"1036","1","1","1","-23.4","-54","-3"
"1037","0.8","0","1","-32.2","-65","-2"
"1038","1","1","1","-13.2","-30","-1"
"1039","1","1","1","-38","-62","-9"
"1040","1","1","1","-23.8","-48","-9"
"1041","1","1","1","-20.2","-39","-6"
"1042","1","1","1","-21","-55","-2"
"1043","1","1","1","-27.2","-62","-1"
"1044","0.8","0","1","-40.8","-62","-17"
"1045","1","1","1","-23.6","-32","-15"
"1046","1","1","1","-25.6","-61","-7"
"1047","0.8","0","1","-33.6","-60","-7"
"1048","1","1","1","-30","-55","-13"
"1049","1","1","1","-24.6","-45","-4"
"1050","1","1","1","-26.2","-52","-4"
"1051","1","1","1","-16.2","-44","-2"
"1052","1","1","1","-6.6","-22","0"
"1053","0.8","0","1","-25","-63","-1"
"1054","0.8","0","1","-36.4","-67","-4"
"1055","1","1","1","-18.4","-41","-4"
"1056","0.8","0","1","-23","-65","-3"
"1057","1","1","1","-17.8","-49","-3"
"1058","1","1","1","-28","-47","-9"
"1059","1","1","1","-15.6","-37","-3"
"1060","1","1","1","-33.6","-55","-2"
"1061","1","1","1","-12.2","-26","-1"
"1062","1","1","1","-27.6","-44","-13"
"1063","1","1","1","-16","-43","-1"
"1064","1","1","1","-16.4","-34","-8"
"1065","1","1","1","-24.2","-58","-6"
"1066","1","1","1","-14","-37","-2"
"1067","1","1","1","-2.8","-6","0"
"1068","1","1","1","-27.6","-59","0"
"1069","1","1","1","-36.8","-58","-12"
"1070","1","1","1","-17.8","-47","-2"
"1071","1","1","1","-29.6","-52","-13"
"1072","0.8","0","1","-25.8","-68","-7"
"1073","1","1","1","-29","-46","-1"
"1074","1","1","1","-21","-47","-9"
"1075","1","1","1","-22.2","-56","-4"
"1076","1","1","1","-12.8","-21","-6"
"1077","1","1","1","-17.8","-58","-2"
"1078","1","1","1","-21.6","-30","-16"
"1079","1","1","1","-16.2","-36","-3"
"1080","1","1","1","-20.8","-50","-1"
"1081","1","1","1","-18.2","-33","-3"
"1082","1","1","1","-15.8","-34","-1"
"1083","1","1","1","-13.4","-31","-7"
"1084","1","1","1","-24.2","-47","-4"
"1085","1","1","1","-12.6","-24","-2"
"1086","1","1","1","-9.4","-20","0"
"1087","1","1","1","-21.4","-36","-4"
"1088","1","1","1","-28.2","-40","-7"
"1089","1","1","1","-15.6","-45","0"
"1090","1","1","1","-21.8","-56","-7"
"1091","1","1","1","-11.6","-23","0"
"1092","1","1","1","-27.6","-41","-13"
"1093","1","1","1","-26.4","-53","-4"
"1094","0.8","0","1","-22.6","-65","-6"
"1095","1","1","1","-16.2","-29","-5"
"1096","1","1","1","-38.8","-61","-16"
"1097","1","1","1","-32.8","-56","-5"
"1098","1","1","1","-14.2","-53","0"
"1099","1","1","1","-17","-29","-12"
"1100","1","1","1","-17","-30","-6"
"1101","1","1","1","-15.8","-39","-4"
"1102","1","1","1","-34.4","-56","-2"
"1103","1","1","1","-30.8","-49","-8"
"1104","1","1","1","-19.6","-35","0"
"1105","1","1","1","-20.2","-55","-3"
"1106","0.8","0","1","-29.4","-63","-1"
"1107","1","1","1","-25.2","-44","-4"
"1108","1","1","1","-26.6","-41","-3"
"1109","1","1","1","-11.2","-33","0"
"1110","1","1","1","-13","-38","0"
"1111","0.8","0","1","-30.2","-68","-5"
"1112","1","1","1","-28.2","-53","-12"
"1113","0.6","0","1","-45.6","-70","-26"
"1114","1","1","1","-22.6","-55","-1"
"1115","1","1","1","-35.2","-56","-18"
"1116","1","1","1","-23.2","-60","0"
"1117","0.8","0","1","-18.8","-63","-3"
"1118","1","1","1","-16.4","-27","-9"
"1119","0.8","0","1","-20.2","-68","0"
"1120","1","1","1","-23.4","-40","-2"
"1121","1","1","1","-35.4","-59","-12"
"1122","1","1","1","-19.8","-50","-2"
"1123","1","1","1","-14.2","-40","-2"
"1124","1","1","1","-29.2","-52","0"
"1125","1","1","1","-19","-34","0"
"1126","1","1","1","-18.2","-47","-1"
"1127","0.8","0","1","-26.6","-67","0"
"1128","1","1","1","-28.4","-50","-5"
"1129","1","1","1","-24.4","-44","-11"
"1130","1","1","1","-26.6","-56","-8"
"1131","0.8","0","1","-33.6","-69","-15"
"1132","1","1","1","-22.4","-53","0"
"1133","1","1","1","-20.8","-24","-18"
"1134","1","1","1","-34.2","-43","-19"
"1135","1","1","1","-14","-44","-3"
"1136","1","1","1","-20.6","-30","-2"
"1137","1","1","1","-20.4","-33","-3"
"1138","1","1","1","-13.6","-26","0"
"1139","1","1","1","-11","-33","-1"
"1140","1","1","1","-17.6","-40","0"
"1141","1","1","1","-26.4","-64","0"
"1142","1","1","1","-27.8","-44","-12"
"1143","1","1","1","-27.6","-48","-6"
"1144","1","1","1","-9.6","-27","0"
"1145","1","1","1","-19","-40","-8"
"1146","1","1","1","-16.6","-57","-2"
"1147","1","1","1","-28","-52","-8"
"1148","1","1","1","-24","-44","-7"
"1149","1","1","1","-31.6","-36","-26"
"1150","1","1","1","-11.6","-28","0"
"1151","1","1","1","-12.6","-19","0"
"1152","1","1","1","-26.4","-59","-3"
"1153","1","1","1","-16.6","-46","-3"
"1154","1","1","1","-30.6","-52","-11"
"1155","1","1","1","-33","-55","-20"
"1156","1","1","1","-23.2","-40","-8"
"1157","1","1","1","-29.8","-46","-9"
"1158","1","1","1","-20.8","-42","-4"
"1159","1","1","1","-24.6","-53","-1"
"1160","1","1","1","-20","-40","-3"
"1161","1","1","1","-25.2","-37","-17"
"1162","1","1","1","-31.4","-47","-2"
"1163","1","1","1","-10.8","-21","-3"
"1164","1","1","1","-14","-37","-2"
"1165","1","1","1","-19.4","-46","0"
"1166","1","1","1","-24.4","-55","-5"
"1167","1","1","1","-12","-23","-4"
"1168","1","1","1","-19.4","-36","-8"
"1169","1","1","1","-13.2","-46","0"
"1170","1","1","1","-17.2","-33","0"
"1171","1","1","1","-20.2","-47","0"
"1172","1","1","1","-29","-54","-3"
"1173","1","1","1","-21.6","-45","-9"
"1174","1","1","1","-16.2","-41","0"
"1175","1","1","1","-13.4","-27","-1"
"1176","1","1","1","-15.8","-30","-3"
"1177","1","1","1","-20.8","-52","-2"
"1178","1","1","1","-27.4","-40","-18"
"1179","1","1","1","-6.6","-15","-2"
"1180","1","1","1","-17.2","-23","0"
"1181","1","1","1","-25","-45","-6"
"1182","1","1","1","-26.2","-42","-6"
"1183","1","1","1","-16.2","-35","0"
"1184","1","1","1","-27.2","-39","-1"
"1185","1","1","1","-30.4","-49","-20"
"1186","1","1","1","-28","-53","-10"
"1187","0.8","0","1","-17.8","-70","0"
"1188","1","1","1","-27","-63","0"
"1189","1","1","1","-21.2","-50","0"
"1190","1","1","1","-11.8","-32","-1"
"1191","1","1","1","-21.4","-47","-7"
"1192","1","1","1","-22.2","-47","-1"
"1193","1","1","1","-21.6","-38","-3"
"1194","1","1","1","-19","-40","-6"
"1195","1","1","1","-21.6","-33","-15"
"1196","1","1","1","-19.8","-42","-7"
"1197","1","1","1","-28.6","-49","-5"
"1198","1","1","1","-25.8","-57","0"
"1199","1","1","1","-16.4","-21","-13"
"1200","1","1","1","-26.4","-51","-5"
"1201","1","1","1","-16.2","-31","-1"
"1202","0.8","0","1","-26.4","-65","-8"
"1203","1","1","1","-19.8","-45","-8"
"1204","1","1","1","-19.6","-46","-3"
"1205","1","1","1","-14","-33","-3"
"1206","1","1","1","-17.2","-34","-2"
"1207","1","1","1","-17.2","-44","0"
"1208","1","1","1","-13","-26","-2"
"1209","1","1","1","-25.6","-41","-12"
"1210","1","1","1","-30.8","-54","-10"
"1211","1","1","1","-16","-26","-1"
"1212","1","1","1","-21.2","-45","0"
"1213","1","1","1","-14.4","-23","-6"
"1214","1","1","1","-13.8","-31","-2"
"1215","1","1","1","-9","-15","0"
"1216","1","1","1","-9.2","-28","-1"
"1217","1","1","1","-14.2","-36","-1"
"1218","1","1","1","-17.8","-57","-2"
"1219","1","1","1","-13.2","-40","-4"
"1220","1","1","1","-22.6","-56","-3"
"1221","1","1","1","-32.4","-44","-6"
"1222","1","1","1","-15.2","-50","0"
"1223","1","1","1","-20.8","-51","-1"
"1224","0.8","0","1","-24","-61","-3"
"1225","1","1","1","-29.6","-55","-2"
"1226","1","1","1","-9.2","-28","0"
"1227","1","1","1","-24","-45","0"
"1228","1","1","1","-15.2","-44","0"
"1229","1","1","1","-6.4","-17","0"
"1230","0.8","0","1","-39.8","-60","-25"
"1231","1","1","1","-22.4","-38","-2"
"1232","1","1","1","-31.4","-58","-9"
"1233","1","1","1","-19.2","-34","-6"
"1234","1","1","1","-32","-52","-4"
"1235","1","1","1","-12.6","-23","-1"
"1236","1","1","1","-22.4","-32","-16"
"1237","1","1","1","-24.2","-56","-3"
"1238","1","1","1","-18.6","-32","-12"
"1239","1","1","1","-15.6","-27","-5"
"1240","1","1","1","-13.6","-34","-1"
"1241","1","1","1","-17.6","-36","-2"
"1242","1","1","1","-13.8","-27","-4"
"1243","1","1","1","-19.8","-42","0"
"1244","1","1","1","-19.6","-55","-2"
"1245","1","1","1","-21.6","-59","0"
"1246","1","1","1","-14.6","-23","-6"
"1247","1","1","1","-16.6","-26","-8"
"1248","1","1","1","-29.8","-52","-11"
"1249","0.8","0","1","-27.6","-64","-13"
"1250","1","1","1","-24.6","-48","-10"
"1251","1","1","1","-11.4","-23","0"
"1252","1","1","1","-21","-55","-3"
"1253","1","1","1","-21.6","-52","-3"
"1254","1","1","1","-15.4","-29","-1"
"1255","1","1","1","-19.4","-39","-8"
"1256","1","1","1","-18.8","-36","-5"
"1257","1","1","1","-6.4","-15","0"
"1258","1","1","1","-15.4","-21","-11"
"1259","1","1","1","-26.2","-48","-4"
"1260","1","1","1","-17.6","-34","-1"
"1261","1","1","1","-22.6","-37","-5"
"1262","1","1","1","-23.6","-42","-1"
"1263","1","1","1","-25.2","-46","-1"
"1264","1","1","1","-10.4","-32","-1"
"1265","1","1","1","-13","-41","0"
"1266","1","1","1","-12.8","-42","0"
"1267","1","1","1","-1","-2","0"
"1268","1","1","1","-7","-16","-1"
"1269","1","1","1","-20.4","-49","-3"
"1270","1","1","1","-9.2","-31","0"
"1271","1","1","1","-14.2","-55","-2"
"1272","1","1","1","-17.2","-23","-5"
"1273","1","1","1","-23.4","-26","-21"
"1274","1","1","1","-20","-41","-10"
"1275","0.8","0","1","-30.6","-71","-3"
"1276","1","1","1","-21.2","-48","-5"
"1277","1","1","1","-27.4","-42","-12"
"1278","1","1","1","-28","-46","-2"
"1279","1","1","1","-22.4","-33","-10"
"1280","1","1","1","-21.6","-54","-2"
"1281","1","1","1","-14.8","-32","-4"
"1282","1","1","1","-26.8","-45","0"
"1283","1","1","1","-4","-8","0"
"1284","1","1","1","-28.8","-42","-4"
"1285","1","1","1","-28.6","-55","-6"
"1286","1","1","1","-7.8","-17","0"
"1287","1","1","1","-17.2","-33","-8"
"1288","1","1","1","-18.6","-39","-2"
"1289","1","1","1","-24","-33","-8"
"1290","1","1","1","-13.8","-22","-6"
"1291","1","1","1","-8.4","-14","-2"
"1292","1","1","1","-28.2","-60","-6"
"1293","1","1","1","-12","-24","0"
"1294","1","1","1","-8.6","-29","0"
"1295","1","1","1","-12.2","-28","0"
"1296","1","1","1","-19","-35","0"
"1297","1","1","1","-7.4","-18","-2"
"1298","1","1","1","-24.6","-38","-13"
"1299","0.8","0","1","-25.2","-67","-3"
"1300","1","1","1","-26.8","-47","0"
"1301","1","1","1","-14.6","-26","0"
"1302","1","1","1","-6.8","-11","-1"
"1303","0.8","0","1","-41.2","-66","-7"
"1304","1","1","1","-27.6","-55","-12"
"1305","1","1","1","-12.2","-33","-3"
"1306","1","1","1","-15.4","-41","-3"
"1307","1","1","1","-15.6","-23","-7"
"1308","1","1","1","-13.6","-26","-5"
"1309","1","1","1","-16.4","-36","-3"
"1310","1","1","1","-10.8","-17","-1"
"1311","1","1","1","-9.2","-26","-1"
"1312","1","1","1","-12","-35","0"
"1313","1","1","1","-24.6","-38","-14"
"1314","1","1","1","-9.8","-30","-3"
"1315","1","1","1","-12.2","-23","0"
"1316","1","1","1","-10.8","-18","-4"
"1317","0.8","0","1","-21.2","-61","-3"
"1318","1","1","1","-11.8","-28","0"
"1319","1","1","1","-19.4","-26","-12"
"1320","1","1","1","-28","-52","-8"
"1321","1","1","1","-18.2","-38","-1"
"1322","1","1","1","-7","-15","-1"
"1323","1","1","1","-13.6","-32","-3"
"1324","1","1","1","-21.6","-39","-1"
"1325","1","1","1","-11.2","-34","-1"
"1326","1","1","1","-18.6","-47","-3"
"1327","1","1","1","-22.8","-46","-10"
"1328","1","1","1","-5.6","-16","0"
"1329","1","1","1","-14","-30","0"
"1330","1","1","1","-19","-39","0"
"1331","1","1","1","-29.6","-57","-5"
"1332","1","1","1","-12.6","-37","0"
"1333","1","1","1","-19.6","-61","-1"
"1334","1","1","1","-26.6","-47","0"
"1335","1","1","1","-5.8","-19","0"
"1336","0.8","0","1","-21.6","-63","-1"
"1337","1","1","1","-24.4","-53","-7"
"1338","1","1","1","-13.8","-25","0"
"1339","1","1","1","-4.8","-12","0"
"1340","1","1","1","-19","-29","-9"
"1341","1","1","1","-22.4","-51","-1"
"1342","1","1","1","-14.8","-22","-1"
"1343","1","1","1","-9.4","-23","0"
"1344","1","1","1","-12.6","-29","0"
"1345","1","1","1","-28.4","-45","-11"
"1346","1","1","1","-13","-38","-2"
"1347","1","1","1","-16","-30","0"
"1348","1","1","1","-27.8","-47","-12"
"1349","1","1","1","-33.4","-49","-2"
"1350","1","1","1","-19.8","-44","-3"
"1351","1","1","1","-17.2","-40","-1"
"1352","1","1","1","-6.4","-14","0"
"1353","1","1","1","-9.4","-25","0"
"1354","0.8","0","1","-30.2","-63","-14"
"1355","1","1","1","-12.2","-29","-3"
"1356","1","1","1","-8.4","-17","-1"
"1357","1","1","1","-7.6","-15","-3"
"1358","1","1","1","-23.6","-44","-4"
"1359","1","1","1","-24","-54","-3"
"1360","1","1","1","-11.2","-30","0"
"1361","1","1","1","-22.6","-46","-6"
"1362","1","1","1","-8","-19","-1"
"1363","1","1","1","-15","-31","-6"
"1364","1","1","1","-29.2","-42","-14"
"1365","1","1","1","-19.2","-40","-5"
"1366","1","1","1","-12.8","-33","-2"
"1367","1","1","1","-17.4","-31","-2"
"1368","1","1","1","-26.2","-37","-16"
"1369","1","1","1","-11","-23","-2"
"1370","1","1","1","-18.6","-51","-1"
"1371","1","1","1","-6","-12","-1"
"1372","1","1","1","-3.8","-12","0"
"1373","1","1","1","-21.4","-52","-1"
"1374","1","1","1","-18.2","-28","-1"
"1375","1","1","1","-28.4","-45","-2"
"1376","1","1","1","-16.8","-27","-7"
"1377","1","1","1","-20.6","-44","-7"
"1378","1","1","1","-14.8","-28","-4"
"1379","1","1","1","-12.6","-25","-2"
"1380","1","1","1","-15.8","-37","-6"
"1381","1","1","1","-20.8","-32","-15"
"1382","1","1","1","-10","-26","0"
"1383","1","1","1","-14.6","-27","-6"
"1384","1","1","1","-19.4","-38","-1"
"1385","1","1","1","-22.4","-37","-8"
"1386","1","1","1","-6.2","-21","0"
"1387","1","1","1","-17.6","-30","0"
"1388","1","1","1","-14.4","-42","0"
"1389","1","1","1","-18","-35","-1"
"1390","1","1","1","-7.2","-13","0"
"1391","1","1","1","-17.6","-46","-3"
"1392","1","1","1","-15.2","-36","-3"
"1393","1","1","1","-17.8","-40","-8"
"1394","1","1","1","-16","-44","-3"
"1395","1","1","1","-12.6","-27","-3"
"1396","1","1","1","-15.4","-42","-2"
"1397","1","1","1","-15.6","-54","-1"
"1398","1","1","1","-20","-40","-4"
"1399","1","1","1","-18.6","-25","-4"
"1400","1","1","1","-4","-14","0"
"1401","1","1","1","-13.4","-26","-5"
"1402","1","1","1","-18.8","-45","0"
"1403","1","1","1","-8.6","-16","-2"
"1404","1","1","1","-25.2","-47","-5"
"1405","1","1","1","-16.6","-32","-7"
"1406","1","1","1","-19.6","-45","-2"
"1407","1","1","1","-11.6","-24","-1"
"1408","1","1","1","-12.2","-33","-1"
"1409","1","1","1","-20","-52","-4"
"1410","1","1","1","-24.8","-46","-3"
"1411","1","1","1","-15.2","-31","0"
"1412","1","1","1","-19","-30","-1"
"1413","1","1","1","-17.2","-30","-9"
"1414","1","1","1","-9","-21","-1"
"1415","1","1","1","-15","-29","-4"
"1416","1","1","1","-14.8","-25","-9"
"1417","1","1","1","-29","-58","-13"
"1418","1","1","1","-24.4","-49","0"
"1419","1","1","1","-13.6","-35","0"
"1420","1","1","1","-8.2","-17","0"
"1421","1","1","1","-6.6","-16","-3"
"1422","1","1","1","-15.2","-27","-3"
"1423","1","1","1","-17.2","-30","-3"
"1424","1","1","1","-13.6","-29","-1"
"1425","1","1","1","-4.8","-12","0"
"1426","1","1","1","-19.2","-46","-2"
"1427","1","1","1","-13.2","-19","-5"
"1428","1","1","1","-15.8","-22","-2"
"1429","1","1","1","-15.2","-33","0"
"1430","1","1","1","-16.6","-39","-1"
"1431","1","1","1","-19.4","-48","-3"
"1432","1","1","1","-8.2","-15","-1"
"1433","1","1","1","-9.2","-20","0"
"1434","1","1","1","-26.8","-42","-2"
"1435","1","1","1","-19.2","-31","-7"
"1436","1","1","1","-16.6","-36","-1"
"1437","1","1","1","-9.2","-22","-2"
"1438","1","1","1","-21.4","-54","-3"
"1439","1","1","1","-16.4","-41","-1"
"1440","1","1","1","-5.6","-13","0"
"1441","1","1","1","-10.8","-34","0"
"1442","1","1","1","-19.6","-28","-9"
"1443","1","1","1","-21.6","-38","-11"
"1444","1","1","1","-13.8","-42","-2"
"1445","1","1","1","-12.8","-28","0"
"1446","1","1","1","-12.6","-22","-2"
"1447","1","1","1","-10.2","-31","0"
"1448","1","1","1","-17.2","-39","0"
"1449","1","1","1","-15.8","-31","-5"
"1450","1","1","1","-29.8","-45","-10"
"1451","1","1","1","-15.8","-42","0"
"1452","1","1","1","-26.6","-46","-1"
"1453","1","1","1","-11.8","-23","-2"
"1454","1","1","1","-13.6","-26","0"
"1455","1","1","1","-8.4","-22","0"
"1456","1","1","1","-22.8","-40","-6"
"1457","1","1","1","-23.8","-36","-13"
"1458","1","1","1","-3.6","-9","0"
"1459","1","1","1","-20","-42","-3"
"1460","1","1","1","-23.6","-44","-7"
"1461","1","1","1","-9.4","-29","0"
"1462","1","1","1","-14.6","-25","0"
"1463","1","1","1","-7.6","-30","0"
"1464","1","1","1","-19.2","-30","-5"
"1465","1","1","1","-21","-33","-11"
"1466","1","1","1","-7.4","-15","0"
"1467","1","1","1","-11.8","-27","-2"
"1468","1","1","1","-11.6","-16","-3"
"1469","1","1","1","-15.8","-33","-6"
"1470","1","1","1","-15","-28","-2"
"1471","1","1","1","-16.4","-31","-3"
"1472","1","1","1","-15.6","-41","0"
"1473","1","1","1","-13.6","-36","-3"
"1474","1","1","1","-8.6","-20","-1"
"1475","1","1","1","-20","-29","-12"
"1476","1","1","1","-17.4","-31","-2"
"1477","1","1","1","-5.8","-21","0"
"1478","1","1","1","-16.8","-43","-1"
"1479","1","1","1","-25.4","-44","-12"
"1480","1","1","1","-14.8","-31","-2"
"1481","1","1","1","-9.6","-15","-4"
"1482","1","1","1","-15","-29","-1"
"1483","1","1","1","-9.2","-24","0"
"1484","1","1","1","-5.8","-14","0"
"1485","1","1","1","-8.4","-20","0"
"1486","1","1","1","-14","-36","-2"
"1487","1","1","1","-10.6","-18","-2"
"1488","1","1","1","-13","-37","-1"
"1489","1","1","1","-13","-34","-2"
"1490","1","1","1","-20.4","-44","0"
"1491","1","1","1","-15.2","-36","-3"
"1492","1","1","1","-5.6","-19","-1"
"1493","1","1","1","-10.2","-19","0"
"1494","1","1","1","-14","-34","-1"
"1495","1","1","1","-16.6","-31","-1"
"1496","1","1","1","-18.8","-40","-4"
"1497","1","1","1","-6.4","-12","-1"
"1498","1","1","1","-12.4","-27","0"
"1499","1","1","1","-7.2","-33","0"
"1500","1","1","1","-26.8","-29","-24"
"1501","1","1","1","-19.8","-35","0"
"1502","1","1","1","-6.2","-14","0"
"1503","1","1","1","-12.4","-43","0"
"1504","1","1","1","-8.6","-19","0"
"1505","1","1","1","-17.8","-39","0"
"1506","1","1","1","-14.6","-38","-2"
"1507","1","1","1","-11.6","-21","-7"
"1508","1","1","1","-19.4","-46","-1"
"1509","1","1","1","-13.6","-26","0"
"1510","1","1","1","-4.6","-12","0"
"1511","1","1","1","-11.2","-24","0"
"1512","1","1","1","-19.8","-39","-5"
"1513","1","1","1","-12.6","-39","-2"
"1514","1","1","1","-12","-39","0"
"1515","1","1","1","-13.6","-37","0"
"1516","1","1","1","-6.6","-14","0"
"1517","1","1","1","-16","-36","-1"
"1518","1","1","1","-19.4","-34","-9"
"1519","1","1","1","-18","-38","0"
"1520","1","1","1","-9.8","-18","-4"
"1521","1","1","1","-17.4","-50","0"
"1522","1","1","1","-25","-40","-13"
"1523","1","1","1","-12.8","-23","-2"
"1524","1","1","1","-5.6","-14","-1"
"1525","1","1","1","-10","-23","0"
"1526","1","1","1","-15.2","-29","-1"
"1527","1","1","1","-13.2","-29","-1"
"1528","1","1","1","-11.6","-23","0"
"1529","1","1","1","-13.2","-27","-1"
"1530","1","1","1","-10.8","-24","0"
"1531","1","1","1","-6","-19","0"
"1532","1","1","1","-13.2","-40","0"
"1533","1","1","1","-6.2","-11","-3"
"1534","1","1","1","-27","-48","0"
"1535","1","1","1","-11.8","-33","-1"
"1536","1","1","1","-8.4","-23","-1"
"1537","1","1","1","-23","-36","0"
"1538","1","1","1","-6.4","-19","0"
"1539","1","1","1","-21.2","-44","-3"
"1540","1","1","1","-14.8","-39","-3"
"1541","1","1","1","-20.6","-35","-11"
"1542","1","1","1","-18.6","-37","0"
"1543","1","1","1","-20","-33","-7"
"1544","1","1","1","-19.8","-40","-2"
"1545","1","1","1","-22.6","-37","-3"
"1546","1","1","1","-5.2","-8","-3"
"1547","1","1","1","-11.6","-19","-3"
"1548","1","1","1","-13.6","-27","-5"
"1549","1","1","1","-12.6","-25","-1"
"1550","1","1","1","-15.6","-36","-8"
"1551","1","1","1","-13.2","-35","-2"
"1552","1","1","1","-13.4","-35","0"
"1553","1","1","1","-15.2","-48","0"
"1554","1","1","1","-7.4","-25","-1"
"1555","1","1","1","-10.4","-27","0"
"1556","1","1","1","-10.8","-34","0"
"1557","1","1","1","-5.2","-10","-1"
"1558","1","1","1","-11.8","-30","0"
"1559","1","1","1","-7.8","-23","0"
"1560","1","1","1","-8.8","-21","-2"
"1561","1","1","1","-16.8","-30","-3"
"1562","1","1","1","-5.6","-18","0"
"1563","1","1","1","-10.4","-40","-1"
"1564","1","1","1","-7.2","-28","0"
"1565","1","1","1","-14.4","-48","0"
"1566","1","1","1","-12.2","-29","0"
"1567","1","1","1","-16.2","-31","-3"
"1568","1","1","1","-6.6","-11","0"
"1569","1","1","1","-10.6","-20","-1"
"1570","1","1","1","-8","-29","0"
"1571","1","1","1","-14.6","-36","-1"
"1572","1","1","1","-3.8","-8","-1"
"1573","1","1","1","-10.8","-31","-2"
"1574","1","1","1","-10.8","-28","-1"
"1575","1","1","1","-6","-11","-1"
"1576","1","1","1","-21.6","-45","-3"
"1577","1","1","1","-12.4","-20","0"
"1578","1","1","1","-11","-20","-6"
"1579","1","1","1","-10.8","-24","0"
"1580","1","1","1","-16.4","-36","-2"
"1581","1","1","1","-7","-24","-1"
"1582","1","1","1","-11.2","-33","-4"
"1583","1","1","1","-15.8","-30","-3"
"1584","1","1","1","-12.4","-29","0"
"1585","1","1","1","-13.6","-34","0"
"1586","1","1","1","-5.6","-16","-1"
"1587","1","1","1","-13.2","-27","-6"
"1588","1","1","1","-22.6","-40","-7"
"1589","1","1","1","-8.8","-18","0"
"1590","1","1","1","-14","-38","-4"
"1591","1","1","1","-14.8","-31","-1"
"1592","1","1","1","-9.8","-18","-1"
"1593","1","1","1","-15.6","-36","-4"
"1594","1","1","1","-13","-22","-5"
"1595","1","1","1","-13.2","-32","-1"
"1596","1","1","1","-9.2","-32","0"
"1597","1","1","1","-16.2","-35","-1"
"1598","1","1","1","-19.6","-32","-12"
"1599","1","1","1","-19.2","-45","-3"
"1600","1","1","1","-14.2","-25","-1"
"1601","1","1","1","-12.6","-31","0"
"1602","1","1","1","-9.6","-28","0"
"1603","1","1","1","-4.4","-9","-2"
"1604","1","1","1","-9.8","-32","0"
"1605","1","1","1","-20","-41","0"
"1606","1","1","1","-10.8","-26","-2"
"1607","1","1","1","-10.4","-25","0"
"1608","1","1","1","-8.2","-27","0"
"1609","1","1","1","-17.2","-35","0"
"1610","1","1","1","-3.4","-9","0"
"1611","1","1","1","-7.2","-16","0"
"1612","1","1","1","-13.6","-28","-1"
"1613","1","1","1","-9.4","-24","-1"
"1614","1","1","1","-15.2","-29","0"
"1615","1","1","1","-11.2","-32","0"
"1616","1","1","1","-13","-24","-4"
"1617","1","1","1","-18.6","-28","-7"
"1618","1","1","1","-15.8","-27","-5"
"1619","1","1","1","-17.2","-34","-8"
"1620","1","1","1","-15.4","-41","0"
"1621","1","1","1","-10.6","-23","-4"
"1622","1","1","1","-13","-29","-4"
"1623","1","1","1","-15","-25","0"
"1624","1","1","1","-7.4","-31","0"
"1625","1","1","1","-5.2","-15","-1"
"1626","1","1","1","-7.6","-18","-1"
"1627","1","1","1","-11.8","-23","-4"
"1628","1","1","1","-8.4","-27","0"
"1629","1","1","1","-8.4","-15","-3"
"1630","1","1","1","-13.6","-38","0"
"1631","1","1","1","-15.4","-28","-3"
"1632","1","1","1","-9.8","-23","-1"
"1633","1","1","1","-15","-35","0"
"1634","1","1","1","-12.8","-26","-1"
"1635","1","1","1","-7.6","-13","0"
"1636","1","1","1","-9.8","-19","-2"
"1637","1","1","1","-9.6","-19","0"
"1638","1","1","1","-7.2","-19","0"
"1639","1","1","1","-16.8","-43","0"
"1640","1","1","1","-11.2","-26","0"
"1641","1","1","1","-9.8","-22","0"
"1642","1","1","1","-5","-9","-1"
"1643","1","1","1","-18.4","-44","-8"
"1644","1","1","1","-8.6","-24","0"
"1645","1","1","1","-12.6","-34","-2"
"1646","1","1","1","-15.2","-41","-1"
"1647","1","1","1","-5.6","-20","0"
"1648","1","1","1","-13.6","-23","-5"
"1649","1","1","1","-12.2","-20","-6"
"1650","1","1","1","-9","-26","0"
"1651","1","1","1","-15.4","-25","-3"
"1652","1","1","1","-13.2","-23","-2"
"1653","1","1","1","-5.2","-13","0"
"1654","1","1","1","-5","-9","-2"
"1655","1","1","1","-16.4","-32","-2"
"1656","1","1","1","-13","-19","-7"
"1657","1","1","1","-13.8","-20","-2"
"1658","1","1","1","-17.6","-36","-8"
"1659","1","1","1","-18","-37","-5"
"1660","1","1","1","-7.6","-15","0"
"1661","1","1","1","-12.8","-29","-2"
"1662","1","1","1","-12.8","-28","0"
"1663","1","1","1","-5.6","-16","0"
"1664","1","1","1","-19.8","-35","-1"
"1665","1","1","1","-8.2","-13","-4"
"1666","1","1","1","-11.8","-21","0"
"1667","1","1","1","-13.6","-24","-5"
"1668","1","1","1","-13.4","-26","-7"
"1669","1","1","1","-8","-15","0"
"1670","1","1","1","-8.8","-19","0"
"1671","1","1","1","-14.4","-32","-3"
"1672","1","1","1","-10.8","-28","-2"
"1673","1","1","1","-9.2","-23","0"
"1674","1","1","1","-7.8","-11","-4"
"1675","1","1","1","-12.8","-25","-1"
"1676","1","1","1","-13.8","-28","-6"
"1677","1","1","1","-6.4","-13","0"
"1678","1","1","1","-12.4","-36","-2"
"1679","1","1","1","-6.6","-11","-1"
"1680","1","1","1","-17.4","-27","-10"
"1681","1","1","1","-14.2","-23","-3"
"1682","1","1","1","-4.2","-8","-1"
"1683","1","1","1","-11.8","-38","-1"
"1684","1","1","1","-11.8","-25","-2"
"1685","1","1","1","-8.8","-15","-2"
"1686","1","1","1","-10","-25","0"
"1687","1","1","1","-16.6","-28","-8"
"1688","1","1","1","-7","-17","0"
"1689","1","1","1","-8.4","-21","-3"
"1690","1","1","1","-21.6","-47","-4"
"1691","1","1","1","-8","-25","-1"
"1692","1","1","1","-20.4","-44","-1"
"1693","1","1","1","-12.6","-19","-1"
"1694","1","1","1","-11","-31","-2"
"1695","1","1","1","-22.2","-31","-10"
"1696","1","1","1","-6.6","-12","0"
"1697","1","1","1","-7.2","-15","-4"
"1698","1","1","1","-13","-28","0"
"1699","1","1","1","-10.6","-31","0"
"1700","1","1","1","-12.8","-19","-7"
"1701","1","1","1","-8.2","-18","0"
"1702","1","1","1","-13.8","-28","-8"
"1703","1","1","1","-15.2","-31","0"
"1704","1","1","1","-11","-28","0"
"1705","1","1","1","-11.6","-33","-2"
"1706","1","1","1","-8.4","-25","-1"
"1707","1","1","1","-6.6","-14","0"
"1708","1","1","1","-13","-23","-6"
"1709","1","1","1","-10.4","-17","-2"
"1710","1","1","1","-18.6","-29","-5"
"1711","1","1","1","-13.6","-30","-3"
"1712","1","1","1","-16.6","-32","-8"
"1713","1","1","1","-8.4","-21","-3"
"1714","1","1","1","-12.6","-41","0"
"1715","1","1","1","-14.8","-37","0"
"1716","1","1","1","-4.4","-14","0"
"1717","1","1","1","-13.2","-29","0"
"1718","1","1","1","-12.2","-39","-1"
"1719","1","1","1","-10.8","-18","0"
"1720","1","1","1","-9.8","-18","-7"
"1721","1","1","1","-14.8","-30","0"
"1722","1","1","1","-6.6","-14","0"
"1723","1","1","1","-8.8","-26","0"
"1724","1","1","1","-7.8","-16","0"
"1725","1","1","1","-13","-50","-1"
"1726","1","1","1","-9.6","-20","0"
"1727","1","1","1","-14.8","-46","-1"
"1728","1","1","1","-13","-28","0"
"1729","1","1","1","-9.6","-24","-2"
"1730","1","1","1","-15.6","-35","0"
"1731","1","1","1","-6","-22","0"
"1732","1","1","1","-3.8","-7","-1"
"1733","1","1","1","-16.2","-24","-7"
"1734","1","1","1","-12.4","-39","-3"
"1735","1","1","1","-11.8","-22","-7"
"1736","1","1","1","-2.6","-6","0"
"1737","1","1","1","-10.6","-14","-1"
"1738","1","1","1","-23.2","-34","-7"
"1739","1","1","1","-12.6","-40","0"
"1740","1","1","1","-6.4","-20","0"
"1741","1","1","1","-2.8","-8","0"
"1742","1","1","1","-13.2","-35","-3"
"1743","1","1","1","-7.8","-24","-1"
"1744","1","1","1","-6.8","-21","-1"
"1745","1","1","1","-9.6","-29","-2"
"1746","1","1","1","-5.6","-12","-1"
"1747","1","1","1","-9.4","-22","-2"
"1748","1","1","1","-18.4","-29","-14"
"1749","1","1","1","-10.8","-18","0"
"1750","1","1","1","-13.4","-31","-4"
"1751","1","1","1","-11.6","-38","-3"
"1752","1","1","1","-14.4","-29","-2"
"1753","1","1","1","-11.4","-23","-2"
"1754","1","1","1","-7.6","-20","-1"
"1755","1","1","1","-6","-18","0"
"1756","1","1","1","-18.2","-27","-2"
"1757","1","1","1","-8","-27","0"
"1758","1","1","1","-8","-12","-5"
"1759","1","1","1","-7.8","-13","-2"
"1760","1","1","1","-5.8","-9","0"
"1761","1","1","1","-7.2","-20","-1"
"1762","1","1","1","-7.2","-27","0"
"1763","1","1","1","-4","-10","0"
"1764","1","1","1","-6.6","-25","0"
"1765","1","1","1","-16.8","-53","0"
"1766","1","1","1","-11.4","-18","-3"
"1767","1","1","1","-8.2","-15","0"
"1768","1","1","1","-7.8","-15","-1"
"1769","1","1","1","-9.6","-28","-1"
"1770","1","1","1","-9.8","-14","-1"
"1771","1","1","1","-11.4","-26","-1"
"1772","1","1","1","-13.8","-33","-1"
"1773","1","1","1","-13.4","-47","0"
"1774","1","1","1","-11","-31","-4"
"1775","1","1","1","-12","-26","-1"
"1776","1","1","1","-11.6","-31","-4"
"1777","1","1","1","-8.4","-20","0"
"1778","1","1","1","-7.6","-13","-2"
"1779","1","1","1","-3.2","-7","-1"
"1780","1","1","1","-13.4","-32","0"
"1781","1","1","1","-8.2","-20","-1"
"1782","1","1","1","-15","-27","0"
"1783","1","1","1","-11.4","-21","-4"
"1784","1","1","1","-3","-10","0"
"1785","1","1","1","-14.6","-28","-1"
"1786","1","1","1","-9.6","-26","-2"
"1787","1","1","1","-9","-29","0"
"1788","1","1","1","-11.8","-24","0"
"1789","1","1","1","-9.6","-22","-5"
"1790","1","1","1","-14.2","-24","-3"
"1791","1","1","1","-13.6","-30","-7"
"1792","1","1","1","-10.8","-24","0"
"1793","1","1","1","-8","-13","0"
"1794","1","1","1","-7.2","-17","-1"
"1795","1","1","1","-3.6","-12","0"
"1796","1","1","1","-6","-15","0"
"1797","1","1","1","-13.2","-27","-1"
"1798","1","1","1","-8.8","-23","0"
"1799","1","1","1","-2.4","-7","0"
"1800","1","1","1","-3","-14","0"
"1801","1","1","1","-6.4","-17","0"
"1802","1","1","1","-8.2","-18","-1"
"1803","1","1","1","-11.2","-23","0"
"1804","1","1","1","-11.8","-22","-1"
"1805","1","1","1","-8","-20","0"
"1806","1","1","1","-6.6","-15","0"
"1807","1","1","1","-11.4","-30","0"
"1808","1","1","1","-8.4","-14","-1"
"1809","1","1","1","-12.8","-29","0"
"1810","1","1","1","-12","-25","-1"
"1811","1","1","1","-6.6","-10","-3"
"1812","1","1","1","-11.4","-19","-4"
"1813","1","1","1","-4","-8","0"
"1814","1","1","1","-8.8","-17","-5"
"1815","1","1","1","-10","-33","0"
"1816","1","1","1","-16","-27","0"
"1817","1","1","1","-16.6","-35","-10"
"1818","1","1","1","-6.4","-14","-2"
"1819","1","1","1","-4.4","-10","0"
"1820","1","1","1","-8.4","-17","-1"
"1821","1","1","1","-6","-18","0"
"1822","1","1","1","-4","-6","-2"
"1823","1","1","1","-11.4","-21","0"
"1824","1","1","1","-16.2","-50","0"
"1825","1","1","1","-11.2","-22","-2"
"1826","1","1","1","-6.8","-10","-4"
"1827","1","1","1","-10.8","-25","-6"
"1828","1","1","1","-8.2","-16","-1"
"1829","1","1","1","-8.6","-25","-1"
"1830","1","1","1","-12.2","-28","0"
"1831","1","1","1","-8.4","-24","0"
"1832","1","1","1","-8.4","-21","0"
"1833","1","1","1","-3.8","-9","0"
"1834","1","1","1","-8.4","-18","0"
"1835","1","1","1","-5","-10","0"
"1836","1","1","1","-7.8","-20","0"
"1837","1","1","1","-8.6","-20","0"
"1838","1","1","1","-10.2","-19","-1"
"1839","1","1","1","-3.2","-8","-1"
"1840","1","1","1","-8.8","-17","-5"
"1841","1","1","1","-8.6","-15","-1"
"1842","1","1","1","-12.6","-28","-1"
"1843","1","1","1","-22","-41","-2"
"1844","1","1","1","-9.2","-28","0"
"1845","1","1","1","-13.2","-19","-6"
"1846","1","1","1","-1.4","-3","0"
"1847","1","1","1","-17","-37","-2"
"1848","1","1","1","-7.6","-21","-2"
"1849","1","1","1","-8.2","-15","0"
"1850","1","1","1","-6.6","-16","0"
"1851","1","1","1","-4.6","-12","0"
"1852","1","1","1","-4.6","-14","0"
"1853","1","1","1","-15.8","-40","0"
"1854","1","1","1","-11","-25","-1"
"1855","1","1","1","-6","-23","0"
"1856","1","1","1","-7","-25","0"
"1857","1","1","1","-5.6","-11","0"
"1858","1","1","1","-9.2","-21","-1"
"1859","1","1","1","-7.6","-20","-1"
"1860","1","1","1","-10.2","-31","-1"
"1861","1","1","1","-16.4","-34","-3"
"1862","1","1","1","-5","-11","0"
"1863","1","1","1","-8.2","-23","0"
"1864","1","1","1","-14.6","-34","-1"
"1865","1","1","1","-10.8","-19","-1"
"1866","1","1","1","-10.4","-14","-6"
"1867","1","1","1","-5","-17","0"
"1868","1","1","1","-9.4","-30","0"
"1869","1","1","1","-6","-10","0"
"1870","1","1","1","-10.8","-22","-2"
"1871","1","1","1","-16.6","-32","-4"
"1872","1","1","1","-5.6","-12","0"
"1873","1","1","1","-8","-17","0"
"1874","1","1","1","-22.2","-51","0"
"1875","1","1","1","-6.4","-14","0"
"1876","1","1","1","-2.6","-11","0"
"1877","1","1","1","-12.2","-25","-1"
"1878","1","1","1","-12.8","-17","-9"
"1879","1","1","1","-9","-25","0"
"1880","1","1","1","-5.4","-14","-1"
"1881","1","1","1","-7.6","-13","-3"
"1882","1","1","1","-7.6","-24","0"
"1883","1","1","1","-13.2","-32","0"
"1884","1","1","1","-6.6","-24","0"
"1885","1","1","1","-13.4","-19","-4"
"1886","1","1","1","-10","-20","-3"
"1887","1","1","1","-9.6","-29","0"
"1888","1","1","1","-4.8","-8","-3"
"1889","1","1","1","-10.2","-24","-1"
"1890","1","1","1","-8.8","-19","-2"
"1891","1","1","1","-1.8","-6","0"
"1892","1","1","1","-5.6","-10","-3"
"1893","1","1","1","-9.6","-31","-1"
"1894","1","1","1","-3.4","-8","0"
"1895","1","1","1","-2.8","-7","0"
"1896","1","1","1","-9","-22","-1"
"1897","1","1","1","-7","-18","-2"
"1898","1","1","1","-6.2","-13","0"
"1899","1","1","1","-9.6","-23","0"
"1900","1","1","1","-11","-29","-2"
"1901","1","1","1","-14.4","-25","-1"
"1902","1","1","1","-5.2","-9","-1"
"1903","1","1","1","-9.6","-23","0"
"1904","1","1","1","-14.2","-46","0"
"1905","1","1","1","-9.6","-23","-3"
"1906","1","1","1","-9.6","-11","-8"
"1907","1","1","1","-12.2","-28","-1"
"1908","1","1","1","-3.2","-7","-1"
"1909","1","1","1","-8.2","-32","-1"
"1910","1","1","1","-7.2","-10","-1"
"1911","1","1","1","-6.2","-21","0"
"1912","1","1","1","-4.2","-14","-1"
"1913","1","1","1","-15.4","-32","-4"
"1914","1","1","1","-11.8","-30","0"
"1915","1","1","1","-5.8","-19","0"
"1916","1","1","1","-4.8","-12","0"
"1917","1","1","1","-4","-7","0"
"1918","1","1","1","-15.8","-40","-4"
"1919","1","1","1","-4.2","-9","0"
"1920","1","1","1","-6.2","-19","0"
"1921","1","1","1","-10.6","-21","-5"
"1922","1","1","1","-7.2","-24","-1"
"1923","1","1","1","-10.4","-23","-6"
"1924","1","1","1","-8.2","-20","0"
"1925","1","1","1","-12","-21","-4"
"1926","1","1","1","-18","-28","-10"
"1927","1","1","1","-6","-15","0"
"1928","1","1","1","-4","-9","0"
"1929","1","1","1","-15.6","-27","-4"
"1930","1","1","1","-11","-21","-5"
"1931","1","1","1","-9.4","-23","0"
"1932","1","1","1","-5.4","-10","-1"
"1933","1","1","1","-8.6","-16","-2"
"1934","1","1","1","-8.4","-23","-1"
"1935","1","1","1","-6.6","-16","0"
"1936","1","1","1","-8.6","-21","-1"
"1937","1","1","1","-5.6","-22","0"
"1938","1","1","1","-4.6","-15","0"
"1939","1","1","1","-3.8","-6","-1"
"1940","1","1","1","-6.8","-11","0"
"1941","1","1","1","-8","-16","-2"
"1942","1","1","1","-8","-15","-2"
"1943","1","1","1","-10.6","-42","0"
"1944","1","1","1","-2.6","-5","-1"
"1945","1","1","1","-4","-8","-2"
"1946","1","1","1","-8.8","-16","-2"
"1947","1","1","1","-8.2","-23","0"
"1948","1","1","1","-4.8","-8","-2"
"1949","1","1","1","-15.2","-39","-3"
"1950","1","1","1","-6.2","-15","-2"
"1951","1","1","1","-7.2","-19","0"
"1952","1","1","1","-4","-7","-1"
"1953","1","1","1","-12.4","-32","0"
"1954","1","1","1","-8.6","-23","0"
"1955","1","1","1","-7.2","-13","-1"
"1956","1","1","1","-10.2","-20","0"
"1957","1","1","1","-5","-10","-1"
"1958","1","1","1","-14.2","-22","-3"
"1959","1","1","1","-5.8","-14","0"
"1960","1","1","1","-11.4","-15","-9"
"1961","1","1","1","-13.8","-26","-8"
"1962","1","1","1","-10","-22","-3"
"1963","1","1","1","-9.8","-25","0"
"1964","1","1","1","-3.6","-7","0"
"1965","1","1","1","-13.2","-28","-1"
"1966","1","1","1","-6.6","-19","0"
"1967","1","1","1","-15","-27","-1"
"1968","1","1","1","-5.6","-9","0"
"1969","1","1","1","-10","-20","0"
"1970","1","1","1","-8.4","-18","0"
"1971","1","1","1","-5.2","-11","-3"
"1972","1","1","1","-13.2","-30","-3"
"1973","1","1","1","-6.4","-10","0"
"1974","1","1","1","-14.2","-23","-1"
"1975","1","1","1","-3","-7","0"
"1976","1","1","1","-9.4","-14","-4"
"1977","1","1","1","-11.2","-36","0"
"1978","1","1","1","-3.6","-7","-1"
"1979","1","1","1","-8","-18","-1"
"1980","1","1","1","-6.2","-26","0"
"1981","1","1","1","-5","-9","0"
"1982","1","1","1","-9.4","-32","0"
"1983","1","1","1","-11.4","-25","-1"
"1984","1","1","1","-7.4","-15","-1"
"1985","1","1","1","-5.4","-14","-1"
"1986","1","1","1","-6.2","-13","0"
"1987","1","1","1","-9.8","-30","0"
"1988","1","1","1","-4","-7","0"
"1989","1","1","1","-5","-19","0"
"1990","1","1","1","-5","-11","-2"
"1991","1","1","1","-24.8","-34","-5"
"1992","1","1","1","-16.2","-26","-4"
"1993","1","1","1","-14.2","-50","-3"
"1994","1","1","1","-10.6","-32","0"
"1995","1","1","1","-7.6","-23","0"
"1996","1","1","1","-6.4","-18","0"
"1997","1","1","1","-5.8","-10","0"
"1998","1","1","1","-10.4","-29","-2"
"1999","1","1","1","-6.6","-11","-4"
"2000","1","1","1","-4.2","-10","0"