"Step","env: CHICKENBANANA - ep_info/Chicken","env: CHICKENBANANA - ep_info/Chicken__MIN","env: CHICKENBANANA - ep_info/Chicken__MAX"
"1","14","0","70"
"2","14","0","70"
"3","0","0","0"
"4","0","0","0"
"5","14","0","70"
"6","0","0","0"
"7","14","0","70"
"8","7","0","70"
"9","0","0","0"
"10","0","0","0"
"11","21","0","70"
"12","0","0","0"
"13","0","0","0"
"14","0","0","0"
"15","14","0","70"
"16","7","0","70"
"17","0","0","0"
"18","0","0","0"
"19","7","0","70"
"20","7","0","70"
"21","7","0","70"
"22","0","0","0"
"23","7","0","70"
"24","7","0","70"
"25","7","0","70"
"26","0","0","0"
"27","7","0","70"
"28","7","0","70"
"29","7","0","70"
"30","14","0","70"
"31","7","0","70"
"32","0","0","0"
"33","7","0","70"
"34","14","0","70"
"35","7","0","70"
"36","7","0","70"
"37","14","0","70"
"38","14","0","70"
"39","0","0","0"
"40","0","0","0"
"41","0","0","0"
"42","7","0","70"
"43","0","0","0"
"44","0","0","0"
"45","7","0","70"
"46","14","0","70"
"47","0","0","0"
"48","7","0","70"
"49","14","0","70"
"50","0","0","0"
"51","0","0","0"
"52","7","0","70"
"53","0","0","0"
"54","7","0","70"
"55","0","0","0"
"56","7","0","70"
"57","0","0","0"
"58","28","0","70"
"59","7","0","70"
"60","0","0","0"
"61","7","0","70"
"62","0","0","0"
"63","7","0","70"
"64","7","0","70"
"65","7","0","70"
"66","14","0","70"
"67","7","0","70"
"68","7","0","70"
"69","0","0","0"
"70","7","0","70"
"71","7","0","70"
"72","0","0","0"
"73","7","0","70"
"74","0","0","0"
"75","0","0","0"
"76","7","0","70"
"77","7","0","70"
"78","7","0","70"
"79","14","0","70"
"80","7","0","70"
"81","7","0","70"
"82","0","0","0"
"83","7","0","70"
"84","0","0","0"
"85","14","0","70"
"86","0","0","0"
"87","7","0","70"
"88","7","0","70"
"89","7","0","70"
"90","0","0","0"
"91","14","0","70"
"92","7","0","70"
"93","0","0","0"
"94","0","0","0"
"95","7","0","70"
"96","14","0","70"
"97","7","0","70"
"98","7","0","70"
"99","7","0","70"
"100","0","0","0"
"101","0","0","0"
"102","7","0","70"
"103","7","0","70"
"104","7","0","70"
"105","7","0","70"
"106","0","0","0"
"107","21","0","70"
"108","7","0","70"
"109","0","0","0"
"110","7","0","70"
"111","7","0","70"
"112","7","0","70"
"113","7","0","70"
"114","7","0","70"
"115","7","0","70"
"116","0","0","0"
"117","0","0","0"
"118","0","0","0"
"119","0","0","0"
"120","7","0","70"
"121","7","0","70"
"122","0","0","0"
"123","0","0","0"
"124","0","0","0"
"125","7","0","70"
"126","0","0","0"
"127","0","0","0"
"128","14","0","70"
"129","0","0","0"
"130","0","0","0"
"131","0","0","0"
"132","0","0","0"
"133","0","0","0"
"134","0","0","0"
"135","0","0","0"
"136","7","0","70"
"137","7","0","70"
"138","0","0","0"
"139","0","0","0"
"140","21","0","70"
"141","7","0","70"
"142","7","0","70"
"143","7","0","70"
"144","7","0","70"
"145","0","0","0"
"146","7","0","70"
"147","14","0","70"
"148","7","0","70"
"149","7","0","70"
"150","7","0","70"
"151","0","0","0"
"152","7","0","70"
"153","0","0","0"
"154","14","0","70"
"155","0","0","0"
"156","0","0","0"
"157","14","0","70"
"158","0","0","0"
"159","0","0","0"
"160","7","0","70"
"161","7","0","70"
"162","7","0","70"
"163","7","0","70"
"164","7","0","70"
"165","0","0","0"
"166","14","0","70"
"167","14","0","70"
"168","7","0","70"
"169","7","0","70"
"170","0","0","0"
"171","0","0","0"
"172","7","0","70"
"173","0","0","0"
"174","0","0","0"
"175","7","0","70"
"176","14","0","70"
"177","14","0","70"
"178","0","0","0"
"179","0","0","0"
"180","7","0","70"
"181","7","0","70"
"182","7","0","70"
"183","14","0","70"
"184","0","0","0"
"185","14","0","70"
"186","7","0","70"
"187","7","0","70"
"188","7","0","70"
"189","14","0","70"
"190","0","0","0"
"191","7","0","70"
"192","14","0","70"
"193","14","0","70"
"194","0","0","0"
"195","14","0","70"
"196","7","0","70"
"197","7","0","70"
"198","0","0","0"
"199","14","0","70"
"200","0","0","0"
"201","0","0","0"
"202","0","0","0"
"203","14","0","70"
"204","14","0","70"
"205","14","0","70"
"206","14","0","70"
"207","7","0","70"
"208","7","0","70"
"209","7","0","70"
"210","7","0","70"
"211","7","0","70"
"212","7","0","70"
"213","0","0","0"
"214","0","0","0"
"215","7","0","70"
"216","7","0","70"
"217","21","0","70"
"218","0","0","0"
"219","7","0","70"
"220","0","0","0"
"221","0","0","0"
"222","7","0","70"
"223","7","0","70"
"224","7","0","70"
"225","14","0","70"
"226","21","0","70"
"227","7","0","70"
"228","14","0","70"
"229","14","0","70"
"230","14","0","70"
"231","21","0","70"
"232","7","0","70"
"233","7","0","70"
"234","0","0","0"
"235","7","0","70"
"236","21","0","70"
"237","7","0","70"
"238","14","0","70"
"239","7","0","70"
"240","14","0","70"
"241","28","0","70"
"242","28","0","70"
"243","7","0","70"
"244","21","0","70"
"245","28","0","70"
"246","7","0","70"
"247","14","0","70"
"248","7","0","70"
"249","0","0","0"
"250","0","0","0"
"251","0","0","0"
"252","14","0","70"
"253","0","0","0"
"254","0","0","0"
"255","14","0","70"
"256","0","0","0"
"257","0","0","0"
"258","7","0","70"
"259","7","0","70"
"260","14","0","70"
"261","7","0","70"
"262","14","0","70"
"263","0","0","0"
"264","0","0","0"
"265","0","0","0"
"266","7","0","70"
"267","0","0","0"
"268","7","0","70"
"269","0","0","0"
"270","0","0","0"
"271","0","0","0"
"272","0","0","0"
"273","0","0","0"
"274","7","0","70"
"275","7","0","70"
"276","7","0","70"
"277","0","0","0"
"278","7","0","70"
"279","7","0","70"
"280","14","0","70"
"281","14","0","70"
"282","14","0","70"
"283","21","0","70"
"284","14","0","70"
"285","7","0","70"
"286","14","0","70"
"287","14","0","70"
"288","14","0","70"
"289","7","0","70"
"290","21","0","70"
"291","7","0","70"
"292","14","0","70"
"293","7","0","70"
"294","0","0","0"
"295","0","0","0"
"296","7","0","70"
"297","0","0","0"
"298","0","0","0"
"299","0","0","0"
"300","7","0","70"
"301","0","0","0"
"302","0","0","0"
"303","14","0","70"
"304","0","0","0"
"305","0","0","0"
"306","0","0","0"
"307","7","0","70"
"308","7","0","70"
"309","7","0","70"
"310","7","0","70"
"311","7","0","70"
"312","0","0","0"
"313","0","0","0"
"314","0","0","0"
"315","0","0","0"
"316","0","0","0"
"317","0","0","0"
"318","0","0","0"
"319","0","0","0"
"320","0","0","0"
"321","0","0","0"
"322","21","0","70"
"323","14","0","70"
"324","14","0","70"
"325","7","0","70"
"326","14","0","70"
"327","14","0","70"
"328","14","0","70"
"329","14","0","70"
"330","14","0","70"
"331","7","0","70"
"332","7","0","70"
"333","14","0","70"
"334","7","0","70"
"335","14","0","70"
"336","14","0","70"
"337","21","0","70"
"338","7","0","70"
"339","7","0","70"
"340","14","0","70"
"341","7","0","70"
"342","14","0","70"
"343","14","0","70"
"344","0","0","0"
"345","7","0","70"
"346","14","0","70"
"347","7","0","70"
"348","7","0","70"
"349","7","0","70"
"350","7","0","70"
"351","14","0","70"
"352","14","0","70"
"353","7","0","70"
"354","7","0","70"
"355","21","0","70"
"356","21","0","70"
"357","21","0","70"
"358","14","0","70"
"359","14","0","70"
"360","7","0","70"
"361","7","0","70"
"362","7","0","70"
"363","7","0","70"
"364","14","0","70"
"365","7","0","70"
"366","7","0","70"
"367","7","0","70"
"368","21","0","70"
"369","28","0","70"
"370","14","0","70"
"371","14","0","70"
"372","21","0","70"
"373","21","0","70"
"374","14","0","70"
"375","14","0","70"
"376","7","0","70"
"377","7","0","70"
"378","14","0","70"
"379","14","0","70"
"380","7","0","70"
"381","14","0","70"
"382","14","0","70"
"383","14","0","70"
"384","7","0","70"
"385","14","0","70"
"386","7","0","70"
"387","21","0","70"
"388","28","0","70"
"389","14","0","70"
"390","28","0","70"
"391","14","0","70"
"392","14","0","70"
"393","21","0","70"
"394","14","0","70"
"395","7","0","70"
"396","7","0","70"
"397","7","0","70"
"398","7","0","70"
"399","7","0","70"
"400","14","0","70"
"401","14","0","70"
"402","14","0","70"
"403","14","0","70"
"404","14","0","70"
"405","21","0","70"
"406","21","0","70"
"407","28","0","70"
"408","35","0","70"
"409","28","0","70"
"410","21","0","70"
"411","21","0","70"
"412","21","0","70"
"413","14","0","70"
"414","21","0","70"
"415","14","0","70"
"416","14","0","70"
"417","14","0","70"
"418","14","0","70"
"419","14","0","70"
"420","14","0","70"
"421","28","0","70"
"422","28","0","70"
"423","28","0","70"
"424","42","0","70"
"425","35","0","70"
"426","42","0","70"
"427","42","0","70"
"428","21","0","70"
"429","14","0","70"
"430","28","0","70"
"431","14","0","70"
"432","21","0","70"
"433","14","0","70"
"434","21","0","70"
"435","28","0","70"
"436","21","0","70"
"437","21","0","70"
"438","35","0","70"
"439","28","0","70"
"440","42","0","70"
"441","28","0","70"
"442","35","0","70"
"443","28","0","70"
"444","28","0","70"
"445","28","0","70"
"446","21","0","70"
"447","21","0","70"
"448","21","0","70"
"449","21","0","70"
"450","21","0","70"
"451","21","0","70"
"452","21","0","70"
"453","21","0","70"
"454","21","0","70"
"455","21","0","70"
"456","21","0","70"
"457","35","0","70"
"458","35","0","70"
"459","28","0","70"
"460","14","0","70"
"461","28","0","70"
"462","28","0","70"
"463","28","0","70"
"464","21","0","70"
"465","21","0","70"
"466","14","0","70"
"467","14","0","70"
"468","7","0","70"
"469","21","0","70"
"470","7","0","70"
"471","14","0","70"
"472","14","0","70"
"473","21","0","70"
"474","21","0","70"
"475","21","0","70"
"476","14","0","70"
"477","14","0","70"
"478","14","0","70"
"479","14","0","70"
"480","14","0","70"
"481","21","0","70"
"482","14","0","70"
"483","7","0","70"
"484","21","0","70"
"485","28","0","70"
"486","28","0","70"
"487","35","0","70"
"488","49","0","70"
"489","42","0","70"
"490","28","0","70"
"491","28","0","70"
"492","49","0","70"
"493","35","0","70"
"494","28","0","70"
"495","28","0","70"
"496","35","0","70"
"497","28","0","70"
"498","28","0","70"
"499","28","0","70"
"500","28","0","70"
"501","28","0","70"
"502","28","0","70"
"503","35","0","70"
"504","21","0","70"
"505","28","0","70"
"506","21","0","70"
"507","28","0","70"
"508","28","0","70"
"509","28","0","70"
"510","21","0","70"
"511","35","0","70"
"512","28","0","70"
"513","35","0","70"
"514","28","0","70"
"515","35","0","70"
"516","28","0","70"
"517","35","0","70"
"518","28","0","70"
"519","35","0","70"
"520","42","0","70"
"521","35","0","70"
"522","28","0","70"
"523","28","0","70"
"524","21","0","70"
"525","28","0","70"
"526","28","0","70"
"527","35","0","70"
"528","35","0","70"
"529","35","0","70"
"530","35","0","70"
"531","35","0","70"
"532","28","0","70"
"533","28","0","70"
"534","28","0","70"
"535","28","0","70"
"536","21","0","70"
"537","35","0","70"
"538","42","0","70"
"539","28","0","70"
"540","28","0","70"
"541","28","0","70"
"542","28","0","70"
"543","35","0","70"
"544","35","0","70"
"545","35","0","70"
"546","35","0","70"
"547","35","0","70"
"548","35","0","70"
"549","42","0","70"
"550","49","0","70"
"551","35","0","70"
"552","35","0","70"
"553","56","0","70"
"554","35","0","70"
"555","42","0","70"
"556","42","0","70"
"557","35","0","70"
"558","42","0","70"
"559","28","0","70"
"560","35","0","70"
"561","35","0","70"
"562","42","0","70"
"563","35","0","70"
"564","35","0","70"
"565","35","0","70"
"566","28","0","70"
"567","35","0","70"
"568","28","0","70"
"569","35","0","70"
"570","35","0","70"
"571","49","0","70"
"572","42","0","70"
"573","42","0","70"
"574","35","0","70"
"575","35","0","70"
"576","35","0","70"
"577","42","0","70"
"578","35","0","70"
"579","42","0","70"
"580","35","0","70"
"581","42","0","70"
"582","42","0","70"
"583","42","0","70"
"584","42","0","70"
"585","42","0","70"
"586","42","0","70"
"587","42","0","70"
"588","42","0","70"
"589","49","0","70"
"590","35","0","70"
"591","35","0","70"
"592","49","0","70"
"593","49","0","70"
"594","42","0","70"
"595","42","0","70"
"596","35","0","70"
"597","49","0","70"
"598","35","0","70"
"599","42","0","70"
"600","35","0","70"
"601","42","0","70"
"602","42","0","70"
"603","35","0","70"
"604","35","0","70"
"605","35","0","70"
"606","35","0","70"
"607","42","0","70"
"608","42","0","70"
"609","49","0","70"
"610","56","0","70"
"611","42","0","70"
"612","49","0","70"
"613","42","0","70"
"614","42","0","70"
"615","42","0","70"
"616","42","0","70"
"617","42","0","70"
"618","49","0","70"
"619","35","0","70"
"620","49","0","70"
"621","49","0","70"
"622","35","0","70"
"623","42","0","70"
"624","42","0","70"
"625","35","0","70"
"626","42","0","70"
"627","42","0","70"
"628","42","0","70"
"629","49","0","70"
"630","42","0","70"
"631","49","0","70"
"632","42","0","70"
"633","35","0","70"
"634","42","0","70"
"635","42","0","70"
"636","35","0","70"
"637","42","0","70"
"638","35","0","70"
"639","35","0","70"
"640","35","0","70"
"641","35","0","70"
"642","35","0","70"
"643","42","0","70"
"644","49","0","70"
"645","49","0","70"
"646","49","0","70"
"647","42","0","70"
"648","42","0","70"
"649","35","0","70"
"650","42","0","70"
"651","42","0","70"
"652","49","0","70"
"653","42","0","70"
"654","42","0","70"
"655","49","0","70"
"656","49","0","70"
"657","49","0","70"
"658","42","0","70"
"659","42","0","70"
"660","49","0","70"
"661","42","0","70"
"662","35","0","70"
"663","35","0","70"
"664","35","0","70"
"665","35","0","70"
"666","42","0","70"
"667","35","0","70"
"668","35","0","70"
"669","35","0","70"
"670","42","0","70"
"671","35","0","70"
"672","28","0","70"
"673","42","0","70"
"674","35","0","70"
"675","35","0","70"
"676","42","0","70"
"677","42","0","70"
"678","35","0","70"
"679","35","0","70"
"680","35","0","70"
"681","35","0","70"
"682","42","0","70"
"683","35","0","70"
"684","35","0","70"
"685","35","0","70"
"686","42","0","70"
"687","70","70","70"
"688","49","0","70"
"689","49","0","70"
"690","35","0","70"
"691","56","0","70"
"692","56","0","70"
"693","42","0","70"
"694","49","0","70"
"695","49","0","70"
"696","56","0","70"
"697","56","0","70"
"698","49","0","70"
"699","49","0","70"
"700","56","0","70"
"701","56","0","70"
"702","56","0","70"
"703","49","0","70"
"704","42","0","70"
"705","42","0","70"
"706","49","0","70"
"707","49","0","70"
"708","42","0","70"
"709","42","0","70"
"710","42","0","70"
"711","49","0","70"
"712","49","0","70"
"713","49","0","70"
"714","35","0","70"
"715","42","0","70"
"716","35","0","70"
"717","35","0","70"
"718","35","0","70"
"719","42","0","70"
"720","42","0","70"
"721","35","0","70"
"722","49","0","70"
"723","42","0","70"
"724","35","0","70"
"725","35","0","70"
"726","35","0","70"
"727","42","0","70"
"728","42","0","70"
"729","42","0","70"
"730","49","0","70"
"731","42","0","70"
"732","49","0","70"
"733","42","0","70"
"734","56","0","70"
"735","56","0","70"
"736","49","0","70"
"737","42","0","70"
"738","42","0","70"
"739","42","0","70"
"740","49","0","70"
"741","49","0","70"
"742","49","0","70"
"743","49","0","70"
"744","49","0","70"
"745","49","0","70"
"746","49","0","70"
"747","49","0","70"
"748","56","0","70"
"749","56","0","70"
"750","56","0","70"
"751","56","0","70"
"752","56","0","70"
"753","56","0","70"
"754","56","0","70"
"755","56","0","70"
"756","56","0","70"
"757","56","0","70"
"758","56","0","70"
"759","56","0","70"
"760","56","0","70"
"761","56","0","70"
"762","56","0","70"
"763","56","0","70"
"764","56","0","70"
"765","56","0","70"
"766","49","0","70"
"767","56","0","70"
"768","56","0","70"
"769","56","0","70"
"770","49","0","70"
"771","49","0","70"
"772","56","0","70"
"773","63","0","70"
"774","63","0","70"
"775","63","0","70"
"776","63","0","70"
"777","63","0","70"
"778","63","0","70"
"779","63","0","70"
"780","63","0","70"
"781","63","0","70"
"782","56","0","70"
"783","63","0","70"
"784","63","0","70"
"785","63","0","70"
"786","56","0","70"
"787","56","0","70"
"788","63","0","70"
"789","63","0","70"
"790","63","0","70"
"791","63","0","70"
"792","63","0","70"
"793","63","0","70"
"794","56","0","70"
"795","56","0","70"
"796","56","0","70"
"797","63","0","70"
"798","63","0","70"
"799","63","0","70"
"800","56","0","70"
"801","49","0","70"
"802","42","0","70"
"803","56","0","70"
"804","49","0","70"
"805","49","0","70"
"806","49","0","70"
"807","49","0","70"
"808","56","0","70"
"809","56","0","70"
"810","56","0","70"
"811","56","0","70"
"812","56","0","70"
"813","63","0","70"
"814","56","0","70"
"815","63","0","70"
"816","56","0","70"
"817","56","0","70"
"818","56","0","70"
"819","56","0","70"
"820","49","0","70"
"821","42","0","70"
"822","49","0","70"
"823","49","0","70"
"824","49","0","70"
"825","49","0","70"
"826","42","0","70"
"827","49","0","70"
"828","56","0","70"
"829","56","0","70"
"830","56","0","70"
"831","63","0","70"
"832","63","0","70"
"833","63","0","70"
"834","63","0","70"
"835","63","0","70"
"836","63","0","70"
"837","56","0","70"
"838","56","0","70"
"839","63","0","70"
"840","63","0","70"
"841","63","0","70"
"842","63","0","70"
"843","63","0","70"
"844","63","0","70"
"845","63","0","70"
"846","63","0","70"
"847","63","0","70"
"848","63","0","70"
"849","63","0","70"
"850","63","0","70"
"851","63","0","70"
"852","63","0","70"
"853","56","0","70"
"854","63","0","70"
"855","63","0","70"
"856","63","0","70"
"857","63","0","70"
"858","63","0","70"
"859","63","0","70"
"860","63","0","70"
"861","63","0","70"
"862","63","0","70"
"863","56","0","70"
"864","63","0","70"
"865","63","0","70"
"866","63","0","70"
"867","63","0","70"
"868","63","0","70"
"869","63","0","70"
"870","63","0","70"
"871","56","0","70"
"872","56","0","70"
"873","56","0","70"
"874","56","0","70"
"875","56","0","70"
"876","56","0","70"
"877","56","0","70"
"878","56","0","70"
"879","56","0","70"
"880","56","0","70"
"881","56","0","70"
"882","56","0","70"
"883","49","0","70"
"884","49","0","70"
"885","56","0","70"
"886","56","0","70"
"887","56","0","70"
"888","56","0","70"
"889","49","0","70"
"890","49","0","70"
"891","56","0","70"
"892","56","0","70"
"893","63","0","70"
"894","63","0","70"
"895","63","0","70"
"896","49","0","70"
"897","56","0","70"
"898","49","0","70"
"899","56","0","70"
"900","56","0","70"
"901","49","0","70"
"902","56","0","70"
"903","56","0","70"
"904","56","0","70"
"905","56","0","70"
"906","56","0","70"
"907","56","0","70"
"908","56","0","70"
"909","56","0","70"
"910","56","0","70"
"911","56","0","70"
"912","56","0","70"
"913","56","0","70"
"914","56","0","70"
"915","56","0","70"
"916","49","0","70"
"917","56","0","70"
"918","56","0","70"
"919","56","0","70"
"920","56","0","70"
"921","56","0","70"
"922","56","0","70"
"923","63","0","70"
"924","63","0","70"
"925","63","0","70"
"926","63","0","70"
"927","63","0","70"
"928","56","0","70"
"929","63","0","70"
"930","63","0","70"
"931","63","0","70"
"932","63","0","70"
"933","63","0","70"
"934","56","0","70"
"935","63","0","70"
"936","63","0","70"
"937","63","0","70"
"938","56","0","70"
"939","70","70","70"
"940","70","70","70"
"941","63","0","70"
"942","63","0","70"
"943","63","0","70"
"944","63","0","70"
"945","63","0","70"
"946","63","0","70"
"947","56","0","70"
"948","63","0","70"
"949","63","0","70"
"950","63","0","70"
"951","63","0","70"
"952","63","0","70"
"953","63","0","70"
"954","63","0","70"
"955","63","0","70"
"956","56","0","70"
"957","63","0","70"
"958","63","0","70"
"959","63","0","70"
"960","63","0","70"
"961","63","0","70"
"962","63","0","70"
"963","63","0","70"
"964","63","0","70"
"965","63","0","70"
"966","63","0","70"
"967","63","0","70"
"968","63","0","70"
"969","63","0","70"
"970","63","0","70"
"971","63","0","70"
"972","63","0","70"
"973","63","0","70"
"974","63","0","70"
"975","63","0","70"
"976","63","0","70"
"977","63","0","70"
"978","63","0","70"
"979","63","0","70"
"980","63","0","70"
"981","63","0","70"
"982","56","0","70"
"983","63","0","70"
"984","63","0","70"
"985","63","0","70"
"986","63","0","70"
"987","56","0","70"
"988","63","0","70"
"989","56","0","70"
"990","63","0","70"
"991","63","0","70"
"992","63","0","70"
"993","63","0","70"
"994","63","0","70"
"995","63","0","70"
"996","63","0","70"
"997","63","0","70"
"998","63","0","70"
"999","63","0","70"
"1000","63","0","70"
"1001","63","0","70"
"1002","70","70","70"
"1003","63","0","70"
"1004","63","0","70"
"1005","63","0","70"
"1006","63","0","70"
"1007","63","0","70"
"1008","63","0","70"
"1009","63","0","70"
"1010","63","0","70"
"1011","56","0","70"
"1012","63","0","70"
"1013","56","0","70"
"1014","63","0","70"
"1015","63","0","70"
"1016","63","0","70"
"1017","63","0","70"
"1018","63","0","70"
"1019","63","0","70"
"1020","63","0","70"
"1021","63","0","70"
"1022","63","0","70"
"1023","63","0","70"
"1024","63","0","70"
"1025","63","0","70"
"1026","63","0","70"
"1027","63","0","70"
"1028","63","0","70"
"1029","63","0","70"
"1030","63","0","70"
"1031","63","0","70"
"1032","63","0","70"
"1033","63","0","70"
"1034","63","0","70"
"1035","63","0","70"
"1036","63","0","70"
"1037","63","0","70"
"1038","63","0","70"
"1039","56","0","70"
"1040","63","0","70"
"1041","63","0","70"
"1042","63","0","70"
"1043","63","0","70"
"1044","63","0","70"
"1045","63","0","70"
"1046","63","0","70"
"1047","63","0","70"
"1048","63","0","70"
"1049","63","0","70"
"1050","63","0","70"
"1051","63","0","70"
"1052","63","0","70"
"1053","63","0","70"
"1054","63","0","70"
"1055","63","0","70"
"1056","63","0","70"
"1057","63","0","70"
"1058","63","0","70"
"1059","63","0","70"
"1060","63","0","70"
"1061","63","0","70"
"1062","63","0","70"
"1063","63","0","70"
"1064","63","0","70"
"1065","63","0","70"
"1066","63","0","70"
"1067","63","0","70"
"1068","63","0","70"
"1069","63","0","70"
"1070","63","0","70"
"1071","63","0","70"
"1072","63","0","70"
"1073","63","0","70"
"1074","63","0","70"
"1075","63","0","70"
"1076","70","70","70"
"1077","70","70","70"
"1078","70","70","70"
"1079","70","70","70"
"1080","70","70","70"
"1081","63","0","70"
"1082","63","0","70"
"1083","63","0","70"
"1084","63","0","70"
"1085","63","0","70"
"1086","63","0","70"
"1087","63","0","70"
"1088","63","0","70"
"1089","63","0","70"
"1090","63","0","70"
"1091","63","0","70"
"1092","63","0","70"
"1093","63","0","70"
"1094","63","0","70"
"1095","63","0","70"
"1096","63","0","70"
"1097","63","0","70"
"1098","63","0","70"
"1099","63","0","70"
"1100","63","0","70"
"1101","63","0","70"
"1102","63","0","70"
"1103","63","0","70"
"1104","63","0","70"
"1105","63","0","70"
"1106","63","0","70"
"1107","63","0","70"
"1108","63","0","70"
"1109","63","0","70"
"1110","63","0","70"
"1111","63","0","70"
"1112","63","0","70"
"1113","63","0","70"
"1114","63","0","70"
"1115","63","0","70"
"1116","63","0","70"
"1117","63","0","70"
"1118","63","0","70"
"1119","63","0","70"
"1120","63","0","70"
"1121","63","0","70"
"1122","63","0","70"
"1123","63","0","70"
"1124","63","0","70"
"1125","63","0","70"
"1126","63","0","70"
"1127","63","0","70"
"1128","63","0","70"
"1129","63","0","70"
"1130","63","0","70"
"1131","63","0","70"
"1132","63","0","70"
"1133","63","0","70"
"1134","63","0","70"
"1135","63","0","70"
"1136","63","0","70"
"1137","63","0","70"
"1138","63","0","70"
"1139","63","0","70"
"1140","63","0","70"
"1141","63","0","70"
"1142","63","0","70"
"1143","63","0","70"
"1144","63","0","70"
"1145","63","0","70"
"1146","63","0","70"
"1147","63","0","70"
"1148","63","0","70"
"1149","63","0","70"
"1150","63","0","70"
"1151","63","0","70"
"1152","63","0","70"
"1153","63","0","70"
"1154","63","0","70"
"1155","63","0","70"
"1156","63","0","70"
"1157","63","0","70"
"1158","63","0","70"
"1159","63","0","70"
"1160","63","0","70"
"1161","63","0","70"
"1162","63","0","70"
"1163","63","0","70"
"1164","63","0","70"
"1165","63","0","70"
"1166","70","70","70"
"1167","70","70","70"
"1168","70","70","70"
"1169","70","70","70"
"1170","56","0","70"
"1171","63","0","70"
"1172","63","0","70"
"1173","63","0","70"
"1174","56","0","70"
"1175","63","0","70"
"1176","63","0","70"
"1177","63","0","70"
"1178","63","0","70"
"1179","63","0","70"
"1180","63","0","70"
"1181","63","0","70"
"1182","63","0","70"
"1183","63","0","70"
"1184","63","0","70"
"1185","63","0","70"
"1186","63","0","70"
"1187","63","0","70"
"1188","63","0","70"
"1189","63","0","70"
"1190","63","0","70"
"1191","63","0","70"
"1192","63","0","70"
"1193","63","0","70"
"1194","56","0","70"
"1195","63","0","70"
"1196","63","0","70"
"1197","63","0","70"
"1198","63","0","70"
"1199","63","0","70"
"1200","63","0","70"
"1201","63","0","70"
"1202","63","0","70"
"1203","63","0","70"
"1204","63","0","70"
"1205","63","0","70"
"1206","56","0","70"
"1207","63","0","70"
"1208","63","0","70"
"1209","63","0","70"
"1210","63","0","70"
"1211","63","0","70"
"1212","63","0","70"
"1213","63","0","70"
"1214","63","0","70"
"1215","63","0","70"
"1216","63","0","70"
"1217","56","0","70"
"1218","63","0","70"
"1219","63","0","70"
"1220","63","0","70"
"1221","63","0","70"
"1222","63","0","70"
"1223","63","0","70"
"1224","63","0","70"
"1225","63","0","70"
"1226","63","0","70"
"1227","63","0","70"
"1228","63","0","70"
"1229","70","70","70"
"1230","63","0","70"
"1231","63","0","70"
"1232","63","0","70"
"1233","63","0","70"
"1234","63","0","70"
"1235","63","0","70"
"1236","63","0","70"
"1237","63","0","70"
"1238","63","0","70"
"1239","63","0","70"
"1240","63","0","70"
"1241","63","0","70"
"1242","63","0","70"
"1243","63","0","70"
"1244","63","0","70"
"1245","63","0","70"
"1246","63","0","70"
"1247","63","0","70"
"1248","63","0","70"
"1249","63","0","70"
"1250","63","0","70"
"1251","63","0","70"
"1252","63","0","70"
"1253","63","0","70"
"1254","63","0","70"
"1255","63","0","70"
"1256","63","0","70"
"1257","63","0","70"
"1258","63","0","70"
"1259","63","0","70"
"1260","63","0","70"
"1261","63","0","70"
"1262","63","0","70"
"1263","56","0","70"
"1264","63","0","70"
"1265","63","0","70"
"1266","63","0","70"
"1267","63","0","70"
"1268","63","0","70"
"1269","63","0","70"
"1270","63","0","70"
"1271","63","0","70"
"1272","63","0","70"
"1273","63","0","70"
"1274","56","0","70"
"1275","63","0","70"
"1276","63","0","70"
"1277","63","0","70"
"1278","63","0","70"
"1279","63","0","70"
"1280","63","0","70"
"1281","63","0","70"
"1282","63","0","70"
"1283","63","0","70"
"1284","63","0","70"
"1285","63","0","70"
"1286","63","0","70"
"1287","63","0","70"
"1288","63","0","70"
"1289","63","0","70"
"1290","63","0","70"
"1291","63","0","70"
"1292","63","0","70"
"1293","63","0","70"
"1294","63","0","70"
"1295","63","0","70"
"1296","63","0","70"
"1297","63","0","70"
"1298","63","0","70"
"1299","63","0","70"
"1300","63","0","70"
"1301","63","0","70"
"1302","63","0","70"
"1303","63","0","70"
"1304","63","0","70"
"1305","63","0","70"
"1306","63","0","70"
"1307","63","0","70"
"1308","63","0","70"
"1309","63","0","70"
"1310","63","0","70"
"1311","63","0","70"
"1312","63","0","70"
"1313","70","70","70"
"1314","70","70","70"
"1315","70","70","70"
"1316","70","70","70"
"1317","63","0","70"
"1318","70","70","70"
"1319","70","70","70"
"1320","63","0","70"
"1321","63","0","70"
"1322","63","0","70"
"1323","63","0","70"
"1324","63","0","70"
"1325","63","0","70"
"1326","63","0","70"
"1327","63","0","70"
"1328","63","0","70"
"1329","63","0","70"
"1330","63","0","70"
"1331","63","0","70"
"1332","63","0","70"
"1333","63","0","70"
"1334","63","0","70"
"1335","63","0","70"
"1336","63","0","70"
"1337","63","0","70"
"1338","63","0","70"
"1339","63","0","70"
"1340","63","0","70"
"1341","63","0","70"
"1342","63","0","70"
"1343","63","0","70"
"1344","63","0","70"
"1345","63","0","70"
"1346","63","0","70"
"1347","63","0","70"
"1348","63","0","70"
"1349","63","0","70"
"1350","63","0","70"
"1351","63","0","70"
"1352","63","0","70"
"1353","63","0","70"
"1354","63","0","70"
"1355","56","0","70"
"1356","63","0","70"
"1357","63","0","70"
"1358","63","0","70"
"1359","63","0","70"
"1360","63","0","70"
"1361","63","0","70"
"1362","63","0","70"
"1363","63","0","70"
"1364","63","0","70"
"1365","63","0","70"
"1366","63","0","70"
"1367","63","0","70"
"1368","63","0","70"
"1369","63","0","70"
"1370","63","0","70"
"1371","63","0","70"
"1372","63","0","70"
"1373","63","0","70"
"1374","63","0","70"
"1375","63","0","70"
"1376","63","0","70"
"1377","63","0","70"
"1378","63","0","70"
"1379","63","0","70"
"1380","63","0","70"
"1381","63","0","70"
"1382","63","0","70"
"1383","63","0","70"
"1384","63","0","70"
"1385","63","0","70"
"1386","63","0","70"
"1387","63","0","70"
"1388","63","0","70"
"1389","63","0","70"
"1390","63","0","70"
"1391","63","0","70"
"1392","63","0","70"
"1393","63","0","70"
"1394","63","0","70"
"1395","63","0","70"
"1396","63","0","70"
"1397","63","0","70"
"1398","63","0","70"
"1399","63","0","70"
"1400","63","0","70"
"1401","63","0","70"
"1402","63","0","70"
"1403","63","0","70"
"1404","63","0","70"
"1405","63","0","70"
"1406","63","0","70"
"1407","63","0","70"
"1408","63","0","70"
"1409","63","0","70"
"1410","63","0","70"
"1411","63","0","70"
"1412","63","0","70"
"1413","63","0","70"
"1414","70","70","70"
"1415","70","70","70"
"1416","70","70","70"
"1417","63","0","70"
"1418","63","0","70"
"1419","63","0","70"
"1420","63","0","70"
"1421","63","0","70"
"1422","63","0","70"
"1423","63","0","70"
"1424","63","0","70"
"1425","63","0","70"
"1426","70","70","70"
"1427","63","0","70"
"1428","63","0","70"
"1429","63","0","70"
"1430","63","0","70"
"1431","63","0","70"
"1432","63","0","70"
"1433","63","0","70"
"1434","63","0","70"
"1435","63","0","70"
"1436","63","0","70"
"1437","63","0","70"
"1438","63","0","70"
"1439","63","0","70"
"1440","63","0","70"
"1441","49","0","70"
"1442","63","0","70"
"1443","63","0","70"
"1444","63","0","70"
"1445","63","0","70"
"1446","63","0","70"
"1447","63","0","70"
"1448","63","0","70"
"1449","63","0","70"
"1450","63","0","70"
"1451","63","0","70"
"1452","63","0","70"
"1453","63","0","70"
"1454","63","0","70"
"1455","63","0","70"
"1456","63","0","70"
"1457","63","0","70"
"1458","63","0","70"
"1459","63","0","70"
"1460","63","0","70"
"1461","63","0","70"
"1462","63","0","70"
"1463","63","0","70"
"1464","63","0","70"
"1465","63","0","70"
"1466","63","0","70"
"1467","63","0","70"
"1468","63","0","70"
"1469","63","0","70"
"1470","63","0","70"
"1471","63","0","70"
"1472","56","0","70"
"1473","63","0","70"
"1474","63","0","70"
"1475","63","0","70"
"1476","63","0","70"
"1477","63","0","70"
"1478","63","0","70"
"1479","63","0","70"
"1480","63","0","70"
"1481","63","0","70"
"1482","63","0","70"
"1483","63","0","70"
"1484","63","0","70"
"1485","63","0","70"
"1486","63","0","70"
"1487","63","0","70"
"1488","63","0","70"
"1489","63","0","70"
"1490","63","0","70"
"1491","63","0","70"
"1492","63","0","70"
"1493","63","0","70"
"1494","63","0","70"
"1495","63","0","70"
"1496","63","0","70"
"1497","63","0","70"
"1498","63","0","70"
"1499","63","0","70"
"1500","70","70","70"
"1501","70","70","70"
"1502","70","70","70"
"1503","70","70","70"
"1504","70","70","70"
"1505","70","70","70"
"1506","70","70","70"
"1507","70","70","70"
"1508","70","70","70"
"1509","70","70","70"
"1510","63","0","70"
"1511","70","70","70"
"1512","70","70","70"
"1513","70","70","70"
"1514","70","70","70"
"1515","70","70","70"
"1516","70","70","70"
"1517","70","70","70"
"1518","70","70","70"
"1519","70","70","70"
"1520","70","70","70"
"1521","70","70","70"
"1522","70","70","70"
"1523","70","70","70"
"1524","70","70","70"
"1525","70","70","70"
"1526","70","70","70"
"1527","70","70","70"
"1528","70","70","70"
"1529","70","70","70"
"1530","70","70","70"
"1531","63","0","70"
"1532","63","0","70"
"1533","63","0","70"
"1534","63","0","70"
"1535","63","0","70"
"1536","63","0","70"
"1537","63","0","70"
"1538","63","0","70"
"1539","63","0","70"
"1540","63","0","70"
"1541","63","0","70"
"1542","63","0","70"
"1543","63","0","70"
"1544","63","0","70"
"1545","63","0","70"
"1546","63","0","70"
"1547","63","0","70"
"1548","63","0","70"
"1549","63","0","70"
"1550","63","0","70"
"1551","63","0","70"
"1552","63","0","70"
"1553","63","0","70"
"1554","63","0","70"
"1555","63","0","70"
"1556","63","0","70"
"1557","63","0","70"
"1558","63","0","70"
"1559","63","0","70"
"1560","63","0","70"
"1561","63","0","70"
"1562","63","0","70"
"1563","63","0","70"
"1564","63","0","70"
"1565","63","0","70"
"1566","63","0","70"
"1567","63","0","70"
"1568","63","0","70"
"1569","63","0","70"
"1570","63","0","70"
"1571","63","0","70"
"1572","63","0","70"
"1573","63","0","70"
"1574","63","0","70"
"1575","63","0","70"
"1576","63","0","70"
"1577","63","0","70"
"1578","63","0","70"
"1579","63","0","70"
"1580","63","0","70"
"1581","63","0","70"
"1582","63","0","70"
"1583","63","0","70"
"1584","63","0","70"
"1585","63","0","70"
"1586","63","0","70"
"1587","63","0","70"
"1588","63","0","70"
"1589","63","0","70"
"1590","63","0","70"
"1591","63","0","70"
"1592","63","0","70"
"1593","63","0","70"
"1594","63","0","70"
"1595","63","0","70"
"1596","63","0","70"
"1597","63","0","70"
"1598","63","0","70"
"1599","63","0","70"
"1600","63","0","70"
"1601","56","0","70"
"1602","63","0","70"
"1603","63","0","70"
"1604","63","0","70"
"1605","63","0","70"
"1606","63","0","70"
"1607","63","0","70"
"1608","63","0","70"
"1609","70","70","70"
"1610","70","70","70"
"1611","70","70","70"
"1612","70","70","70"
"1613","70","70","70"
"1614","70","70","70"
"1615","70","70","70"
"1616","70","70","70"
"1617","70","70","70"
"1618","70","70","70"
"1619","70","70","70"
"1620","70","70","70"
"1621","70","70","70"
"1622","70","70","70"
"1623","70","70","70"
"1624","70","70","70"
"1625","70","70","70"
"1626","70","70","70"
"1627","70","70","70"
"1628","70","70","70"
"1629","70","70","70"
"1630","70","70","70"
"1631","70","70","70"
"1632","70","70","70"
"1633","70","70","70"
"1634","70","70","70"
"1635","70","70","70"
"1636","70","70","70"
"1637","63","0","70"
"1638","63","0","70"
"1639","63","0","70"
"1640","63","0","70"
"1641","63","0","70"
"1642","63","0","70"
"1643","63","0","70"
"1644","63","0","70"
"1645","63","0","70"
"1646","63","0","70"
"1647","56","0","70"
"1648","63","0","70"
"1649","63","0","70"
"1650","63","0","70"
"1651","63","0","70"
"1652","63","0","70"
"1653","63","0","70"
"1654","63","0","70"
"1655","63","0","70"
"1656","63","0","70"
"1657","63","0","70"
"1658","63","0","70"
"1659","63","0","70"
"1660","63","0","70"
"1661","63","0","70"
"1662","63","0","70"
"1663","63","0","70"
"1664","63","0","70"
"1665","63","0","70"
"1666","63","0","70"
"1667","63","0","70"
"1668","63","0","70"
"1669","63","0","70"
"1670","63","0","70"
"1671","63","0","70"
"1672","63","0","70"
"1673","63","0","70"
"1674","63","0","70"
"1675","63","0","70"
"1676","63","0","70"
"1677","63","0","70"
"1678","63","0","70"
"1679","63","0","70"
"1680","63","0","70"
"1681","63","0","70"
"1682","63","0","70"
"1683","63","0","70"
"1684","63","0","70"
"1685","63","0","70"
"1686","63","0","70"
"1687","63","0","70"
"1688","63","0","70"
"1689","63","0","70"
"1690","63","0","70"
"1691","63","0","70"
"1692","63","0","70"
"1693","63","0","70"
"1694","63","0","70"
"1695","63","0","70"
"1696","63","0","70"
"1697","63","0","70"
"1698","63","0","70"
"1699","63","0","70"
"1700","63","0","70"
"1701","63","0","70"
"1702","63","0","70"
"1703","63","0","70"
"1704","63","0","70"
"1705","63","0","70"
"1706","63","0","70"
"1707","63","0","70"
"1708","63","0","70"
"1709","63","0","70"
"1710","63","0","70"
"1711","63","0","70"
"1712","63","0","70"
"1713","63","0","70"
"1714","63","0","70"
"1715","63","0","70"
"1716","63","0","70"
"1717","63","0","70"
"1718","63","0","70"
"1719","63","0","70"
"1720","63","0","70"
"1721","63","0","70"
"1722","63","0","70"
"1723","63","0","70"
"1724","63","0","70"
"1725","63","0","70"
"1726","63","0","70"
"1727","70","70","70"
"1728","63","0","70"
"1729","63","0","70"
"1730","63","0","70"
"1731","63","0","70"
"1732","63","0","70"
"1733","63","0","70"
"1734","63","0","70"
"1735","63","0","70"
"1736","63","0","70"
"1737","63","0","70"
"1738","63","0","70"
"1739","63","0","70"
"1740","56","0","70"
"1741","63","0","70"
"1742","63","0","70"
"1743","63","0","70"
"1744","63","0","70"
"1745","63","0","70"
"1746","63","0","70"
"1747","70","70","70"
"1748","70","70","70"
"1749","70","70","70"
"1750","63","0","70"
"1751","63","0","70"
"1752","63","0","70"
"1753","63","0","70"
"1754","63","0","70"
"1755","63","0","70"
"1756","63","0","70"
"1757","63","0","70"
"1758","63","0","70"
"1759","63","0","70"
"1760","63","0","70"
"1761","63","0","70"
"1762","63","0","70"
"1763","63","0","70"
"1764","63","0","70"
"1765","63","0","70"
"1766","63","0","70"
"1767","63","0","70"
"1768","63","0","70"
"1769","63","0","70"
"1770","63","0","70"
"1771","63","0","70"
"1772","63","0","70"
"1773","63","0","70"
"1774","63","0","70"
"1775","63","0","70"
"1776","63","0","70"
"1777","63","0","70"
"1778","63","0","70"
"1779","63","0","70"
"1780","63","0","70"
"1781","63","0","70"
"1782","63","0","70"
"1783","63","0","70"
"1784","63","0","70"
"1785","63","0","70"
"1786","63","0","70"
"1787","63","0","70"
"1788","63","0","70"
"1789","63","0","70"
"1790","63","0","70"
"1791","63","0","70"
"1792","63","0","70"
"1793","63","0","70"
"1794","63","0","70"
"1795","70","70","70"
"1796","70","70","70"
"1797","70","70","70"
"1798","70","70","70"
"1799","70","70","70"
"1800","70","70","70"
"1801","70","70","70"
"1802","70","70","70"
"1803","70","70","70"
"1804","70","70","70"
"1805","70","70","70"
"1806","70","70","70"
"1807","70","70","70"
"1808","70","70","70"
"1809","70","70","70"
"1810","70","70","70"
"1811","70","70","70"
"1812","70","70","70"
"1813","70","70","70"
"1814","70","70","70"
"1815","70","70","70"
"1816","70","70","70"
"1817","70","70","70"
"1818","70","70","70"
"1819","70","70","70"
"1820","70","70","70"
"1821","70","70","70"
"1822","70","70","70"
"1823","70","70","70"
"1824","63","0","70"
"1825","70","70","70"
"1826","70","70","70"
"1827","70","70","70"
"1828","70","70","70"
"1829","70","70","70"
"1830","70","70","70"
"1831","70","70","70"
"1832","70","70","70"
"1833","70","70","70"
"1834","70","70","70"
"1835","70","70","70"
"1836","70","70","70"
"1837","70","70","70"
"1838","70","70","70"
"1839","70","70","70"
"1840","70","70","70"
"1841","70","70","70"
"1842","70","70","70"
"1843","70","70","70"
"1844","70","70","70"
"1845","70","70","70"
"1846","70","70","70"
"1847","70","70","70"
"1848","70","70","70"
"1849","70","70","70"
"1850","70","70","70"
"1851","70","70","70"
"1852","70","70","70"
"1853","70","70","70"
"1854","70","70","70"
"1855","70","70","70"
"1856","63","0","70"
"1857","63","0","70"
"1858","63","0","70"
"1859","63","0","70"
"1860","63","0","70"
"1861","63","0","70"
"1862","63","0","70"
"1863","63","0","70"
"1864","63","0","70"
"1865","63","0","70"
"1866","63","0","70"
"1867","63","0","70"
"1868","63","0","70"
"1869","63","0","70"
"1870","63","0","70"
"1871","63","0","70"
"1872","63","0","70"
"1873","63","0","70"
"1874","63","0","70"
"1875","63","0","70"
"1876","63","0","70"
"1877","63","0","70"
"1878","63","0","70"
"1879","63","0","70"
"1880","63","0","70"
"1881","63","0","70"
"1882","63","0","70"
"1883","63","0","70"
"1884","63","0","70"
"1885","63","0","70"
"1886","63","0","70"
"1887","63","0","70"
"1888","63","0","70"
"1889","63","0","70"
"1890","63","0","70"
"1891","63","0","70"
"1892","63","0","70"
"1893","63","0","70"
"1894","63","0","70"
"1895","63","0","70"
"1896","63","0","70"
"1897","63","0","70"
"1898","63","0","70"
"1899","63","0","70"
"1900","63","0","70"
"1901","63","0","70"
"1902","63","0","70"
"1903","63","0","70"
"1904","63","0","70"
"1905","63","0","70"
"1906","63","0","70"
"1907","63","0","70"
"1908","63","0","70"
"1909","63","0","70"
"1910","63","0","70"
"1911","63","0","70"
"1912","63","0","70"
"1913","63","0","70"
"1914","63","0","70"
"1915","63","0","70"
"1916","63","0","70"
"1917","63","0","70"
"1918","63","0","70"
"1919","63","0","70"
"1920","63","0","70"
"1921","63","0","70"
"1922","63","0","70"
"1923","63","0","70"
"1924","63","0","70"
"1925","63","0","70"
"1926","63","0","70"
"1927","63","0","70"
"1928","63","0","70"
"1929","63","0","70"
"1930","63","0","70"
"1931","63","0","70"
"1932","63","0","70"
"1933","63","0","70"
"1934","63","0","70"
"1935","63","0","70"
"1936","63","0","70"
"1937","63","0","70"
"1938","63","0","70"
"1939","63","0","70"
"1940","63","0","70"
"1941","63","0","70"
"1942","63","0","70"
"1943","63","0","70"
"1944","63","0","70"
"1945","63","0","70"
"1946","63","0","70"
"1947","63","0","70"
"1948","63","0","70"
"1949","63","0","70"
"1950","63","0","70"
"1951","63","0","70"
"1952","63","0","70"
"1953","63","0","70"
"1954","63","0","70"
"1955","63","0","70"
"1956","63","0","70"
"1957","63","0","70"
"1958","63","0","70"
"1959","63","0","70"
"1960","63","0","70"
"1961","63","0","70"
"1962","63","0","70"
"1963","63","0","70"
"1964","63","0","70"
"1965","63","0","70"
"1966","63","0","70"
"1967","63","0","70"
"1968","63","0","70"
"1969","63","0","70"
"1970","63","0","70"
"1971","63","0","70"
"1972","63","0","70"
"1973","63","0","70"
"1974","63","0","70"
"1975","63","0","70"
"1976","63","0","70"
"1977","63","0","70"
"1978","63","0","70"
"1979","63","0","70"
"1980","63","0","70"
"1981","63","0","70"
"1982","63","0","70"
"1983","63","0","70"
"1984","63","0","70"
"1985","63","0","70"
"1986","63","0","70"
"1987","63","0","70"
"1988","63","0","70"
"1989","63","0","70"
"1990","63","0","70"
"1991","63","0","70"
"1992","63","0","70"
"1993","63","0","70"
"1994","63","0","70"
"1995","63","0","70"
"1996","63","0","70"
"1997","63","0","70"
"1998","63","0","70"
"1999","63","0","70"
"2000","63","0","70"
"2001","63","0","70"